temperature,label
8.73,cold
6.51,cold
7.15,cold
5.99,cold
4.94,cold
6.57,cold
3.52,cold
2.26,cold
7.76,cold
6.56,cold
8.45,cold
7.38,cold
7.37,cold
12.93,normal
15.32,normal
15.76,normal
17.52,normal
15.5,normal
12.33,normal
10.07,normal
10.34,normal
11.5,normal
13.28,normal
10.26,normal
12.46,normal
14.13,normal
14.72,normal
17.71,normal
18.39,normal
15.55,normal
17.63,normal
16.05,normal
17.54,normal
18.54,normal
20.86,normal
23.6,normal
23.95,normal
61.93,hot
61.35,hot
60.66,hot
59.06,hot
59.58,hot
59.43,hot
59.55,hot
64.48,hot
64.41,hot
62.07,hot
63.65,hot
61.83,hot
63.48,hot
62.18,hot
63.48,hot
61.03,hot
60.25,hot
58.48,hot
60.57,hot
61.62,hot
58.74,hot
61.12,hot
62.36,hot
64.79,hot
65.14,hot
62.71,hot
61.21,hot
58.95,hot
57.21,hot
57.5,hot
59.26,hot
58.78,hot
55.97,hot
61.72,hot
61.47,hot
62.95,hot
65.04,hot
64.36,hot
65.62,hot
69.15,hot
71.26,hot
71.36,hot
73.17,hot
71.96,hot
74.83,hot
74.84,hot
72.53,hot
68.15,hot
64.57,hot
78.19,hot
76.4,hot
75.73,hot
80.51,hot
84.2,hot
86.3,hot
85.04,hot
83.5,hot
86.82,hot
88.71,hot
91.24,hot
88.59,hot
-9.11,cold
-8.22,cold
-6.67,cold
-7.18,cold
-9.68,cold
-6.8,cold
-9.67,cold
-5.84,cold
-7.04,cold
-3.87,cold
-6.35,cold
-5.79,cold
-7.04,cold
-8.22,cold
-6.52,cold
-4.89,cold
-3.63,cold
-3.67,cold
-3.44,cold
-3.88,cold
-1.68,cold
0.93,cold
132.97,hot
132.43,hot
131.2,hot
127.62,hot
126.73,hot
125.33,hot
125.31,hot
126.54,hot
129.26,hot
130.38,hot
132.13,hot
134.44,hot
133.49,hot
129.42,hot
54.36,hot
55.01,hot
53.36,hot
54.74,hot
72.73,hot
73.18,hot
73.21,hot
76.11,hot
78.03,hot
82.41,hot
80.79,hot
79.27,hot
79.57,hot
81.47,hot
80.32,hot
77.68,hot
62.4,hot
64.76,hot
63.82,hot
63.59,hot
66.07,hot
66.08,hot
66.17,hot
64.03,hot
63.75,hot
60.68,hot
63.24,hot
65.6,hot
65.74,hot
67.03,hot
33.11,hot
29.65,normal
32.54,hot
31.57,hot
34.24,hot
34.21,hot
35.8,hot
38.05,hot
35.17,hot
32.97,hot
33.95,hot
19.81,normal
18.86,normal
15.99,normal
15.61,normal
16.64,normal
19.05,normal
20.75,normal
19.51,normal
24.26,normal
23.64,normal
25.34,normal
23.36,normal
26.41,normal
21.5,normal
19.38,normal
18.07,normal
20.18,normal
21.49,normal
20.61,normal
23.77,normal
19.94,normal
21.82,normal
20.9,normal
19.65,normal
14.64,normal
16.01,normal
16.48,normal
17.03,normal
21.12,normal
24.36,normal
24.92,normal
19.44,normal
17.16,normal
17.7,normal
16.5,normal
18.02,normal
14.48,normal
12.41,normal
12.75,normal
12.93,normal
12.69,normal
12.92,normal
14.01,normal
16.08,normal
15.58,normal
18.18,normal
15.02,normal
15.05,normal
13.28,normal
13.85,normal
14.87,normal
17.36,normal
15.18,normal
13.55,normal
12.85,normal
14.51,normal
17.08,normal
16.19,normal
18.96,normal
20.98,normal
21.32,normal
22.99,normal
126.98,hot
132.27,hot
133.23,hot
133.68,hot
136.87,hot
135.85,hot
135.96,hot
138.15,hot
136.13,hot
132.82,hot
132.15,hot
135.49,hot
130.1,hot
129.99,hot
129.45,hot
127.24,hot
127.27,hot
127.22,hot
127.15,hot
126.06,hot
120.76,hot
122.94,hot
120.12,hot
104.81,hot
95.56,hot
98.1,hot
97.05,hot
98.03,hot
99.45,hot
100.34,hot
84.95,hot
84.33,hot
84.98,hot
82.48,hot
81.07,hot
78.25,hot
74.09,hot
77.48,hot
77.4,hot
79.61,hot
80.23,hot
76.81,hot
76.85,hot
94.12,hot
94.51,hot
92.55,hot
93.06,hot
95.03,hot
91.35,hot
88.79,hot
89.16,hot
87.65,hot
85.7,hot
87.81,hot
76.58,hot
77.98,hot
83.1,hot
82.91,hot
82.84,hot
86.38,hot
87.64,hot
89.59,hot
89.44,hot
90.68,hot
91.8,hot
93.96,hot
94.82,hot
95.24,hot
93.08,hot
95.19,hot
95.25,hot
99.16,hot
98.29,hot
97.67,hot
97.3,hot
96.42,hot
96.95,hot
98.73,hot
98.89,hot
101.02,hot
99.99,hot
102.81,hot
101.92,hot
104.83,hot
102.14,hot
81.02,hot
80.95,hot
81.42,hot
83.39,hot
82.96,hot
83.29,hot
84.27,hot
83.02,hot
81.91,hot
84.75,hot
83.61,hot
84.02,hot
80.99,hot
79.76,hot
78.98,hot
80.3,hot
84.32,hot
84.25,hot
87.84,hot
87.81,hot
90.19,hot
91.55,hot
95.24,hot
96.88,hot
97.89,hot
97.56,hot
97.85,hot
89.39,hot
91.95,hot
89.23,hot
90.72,hot
91.22,hot
94.37,hot
93.48,hot
93.87,hot
111.12,hot
108.07,hot
106.95,hot
100.65,hot
103.78,hot
103.65,hot
100.75,hot
96.35,hot
96.84,hot
95.71,hot
97.01,hot
96.81,hot
96.72,hot
97.21,hot
94.71,hot
97.6,hot
98.29,hot
99.2,hot
99.59,hot
101.01,hot
99.66,hot
103.26,hot
104.94,hot
86.53,hot
85.63,hot
80.78,hot
78.85,hot
78.75,hot
28.76,normal
30.51,hot
29.97,normal
29.8,normal
31.78,hot
33.03,hot
36.65,hot
37.37,hot
37.6,hot
39.5,hot
38.76,hot
39.17,hot
37.11,hot
36.05,hot
34.18,hot
35.69,hot
24.99,normal
25.41,normal
27.28,normal
29.03,normal
25.91,normal
29.91,normal
26.64,normal
25.49,normal
28.24,normal
29.79,normal
30.44,hot
29.86,normal
25.39,normal
25.86,normal
27.47,normal
24.98,normal
21.87,normal
21.33,normal
20.81,normal
23.28,normal
24.97,normal
27.42,normal
26.81,normal
27.57,normal
27.31,normal
25.24,normal
25.52,normal
26.43,normal
17.0,normal
17.81,normal
18.36,normal
17.06,normal
17.0,normal
21.01,normal
21.41,normal
22.31,normal
20.77,normal
40.45,hot
42.46,hot
41.96,hot
38.59,hot
36.72,hot
39.3,hot
31.76,hot
29.2,normal
25.91,normal
23.32,normal
22.12,normal
17.62,normal
16.25,normal
13.94,normal
10.87,normal
12.23,normal
1.21,cold
0.7,cold
1.48,cold
1.41,cold
-0.49,cold
-4.31,cold
-3.52,cold
-3.79,cold
-4.11,cold
-3.79,cold
-5.66,cold
-6.82,cold
-6.69,cold
-7.26,cold
-6.46,cold
-7.01,cold
-5.51,cold
-1.87,cold
-3.53,cold
-2.48,cold
-3.95,cold
-1.5,cold
1.75,cold
2.38,cold
2.38,cold
4.33,cold
6.54,cold
3.29,cold
4.42,cold
2.22,cold
0.8,cold
-0.44,cold
0.96,cold
-1.39,cold
-3.86,cold
-4.38,cold
-0.93,cold
-2.91,cold
-1.65,cold
0.98,cold
-1.45,cold
-1.3,cold
0.26,cold
-0.79,cold
-0.07,cold
-2.21,cold
-3.99,cold
-5.69,cold
-8.89,cold
-8.39,cold
-8.39,cold
-9.27,cold
-6.94,cold
-7.95,cold
-8.42,cold
-8.32,cold
-7.98,cold
-3.05,cold
-3.65,cold
-4.39,cold
-6.37,cold
-5.35,cold
-5.24,cold
-4.67,cold
-6.26,cold
-7.64,cold
-7.77,cold
-8.9,cold
-9.72,cold
-9.69,cold
-11.15,cold
-10.15,cold
-5.57,cold
-6.58,cold
-8.92,cold
16.77,normal
16.42,normal
3.11,cold
3.48,cold
3.45,cold
4.61,cold
4.56,cold
2.69,cold
-0.05,cold
-3.28,cold
-4.62,cold
-2.54,cold
1.77,cold
0.56,cold
0.62,cold
-0.89,cold
142.17,hot
142.54,hot
140.58,hot
137.92,hot
138.49,hot
120.36,hot
121.57,hot
124.19,hot
125.47,hot
127.92,hot
130.83,hot
134.43,hot
135.54,hot
135.12,hot
136.28,hot
136.58,hot
133.9,hot
135.73,hot
137.41,hot
135.78,hot
133.7,hot
134.71,hot
134.52,hot
134.35,hot
135.34,hot
136.79,hot
140.41,hot
141.66,hot
141.16,hot
141.12,hot
143.7,hot
142.85,hot
141.82,hot
150.04,hot
147.14,hot
144.93,hot
143.3,hot
139.11,hot
147.26,hot
145.76,hot
146.12,hot
144.45,hot
148.17,hot
150.0,hot
149.99,hot
150.0,hot
150.0,hot
150.0,hot
148.31,hot
148.04,hot
148.42,hot
149.57,hot
150.0,hot
149.39,hot
127.54,hot
125.19,hot
121.4,hot
121.74,hot
121.0,hot
121.8,hot
122.21,hot
121.45,hot
122.16,hot
119.96,hot
118.01,hot
116.23,hot
115.62,hot
118.76,hot
118.96,hot
116.7,hot
117.19,hot
117.36,hot
119.13,hot
117.29,hot
114.62,hot
119.45,hot
118.6,hot
117.52,hot
116.93,hot
117.23,hot
114.7,hot
114.58,hot
118.12,hot
116.05,hot
114.76,hot
114.64,hot
116.96,hot
115.42,hot
114.7,hot
115.72,hot
115.6,hot
114.13,hot
116.21,hot
117.22,hot
113.56,hot
113.96,hot
115.49,hot
115.11,hot
116.78,hot
115.92,hot
114.83,hot
113.8,hot
112.33,hot
112.74,hot
113.27,hot
113.18,hot
113.19,hot
112.68,hot
111.07,hot
112.26,hot
111.65,hot
107.74,hot
106.74,hot
108.73,hot
107.6,hot
106.78,hot
103.74,hot
106.23,hot
106.97,hot
105.39,hot
104.59,hot
105.64,hot
101.77,hot
102.02,hot
103.47,hot
104.8,hot
102.87,hot
103.17,hot
103.68,hot
113.15,hot
112.71,hot
113.55,hot
115.33,hot
114.28,hot
54.38,hot
54.56,hot
52.45,hot
50.31,hot
52.21,hot
55.63,hot
55.77,hot
58.09,hot
60.04,hot
61.04,hot
59.73,hot
56.07,hot
59.29,hot
61.92,hot
61.43,hot
59.74,hot
59.83,hot
63.22,hot
62.0,hot
61.93,hot
59.12,hot
58.95,hot
58.33,hot
56.83,hot
56.51,hot
57.85,hot
60.0,hot
60.04,hot
58.62,hot
55.59,hot
52.43,hot
84.55,hot
84.84,hot
83.61,hot
81.83,hot
81.22,hot
82.24,hot
81.9,hot
82.31,hot
83.83,hot
45.97,hot
44.48,hot
43.38,hot
43.57,hot
45.51,hot
46.36,hot
48.36,hot
47.02,hot
46.75,hot
48.37,hot
50.44,hot
52.69,hot
52.07,hot
53.63,hot
52.51,hot
52.09,hot
49.62,hot
48.44,hot
47.49,hot
47.46,hot
47.28,hot
46.54,hot
47.66,hot
47.07,hot
49.42,hot
50.16,hot
47.02,hot
44.77,hot
46.05,hot
47.05,hot
46.71,hot
45.77,hot
43.62,hot
44.1,hot
46.3,hot
50.22,hot
55.51,hot
52.5,hot
54.67,hot
54.87,hot
56.11,hot
55.37,hot
57.62,hot
57.52,hot
56.33,hot
59.08,hot
58.97,hot
59.54,hot
59.15,hot
58.85,hot
60.04,hot
53.23,hot
55.48,hot
57.38,hot
56.13,hot
77.77,hot
102.82,hot
103.85,hot
104.69,hot
103.5,hot
101.97,hot
102.39,hot
102.01,hot
100.91,hot
100.97,hot
102.19,hot
101.83,hot
102.0,hot
103.75,hot
102.49,hot
99.41,hot
99.14,hot
97.43,hot
98.1,hot
96.8,hot
97.18,hot
97.65,hot
100.39,hot
96.72,hot
96.66,hot
95.41,hot
95.44,hot
93.72,hot
95.97,hot
98.02,hot
96.69,hot
96.56,hot
0.05,cold
1.98,cold
4.45,cold
3.21,cold
-3.02,cold
-3.02,cold
-1.82,cold
-2.84,cold
-3.14,cold
-1.9,cold
-4.18,cold
-7.29,cold
-5.65,cold
-8.03,cold
-4.74,cold
-5.83,cold
-6.16,cold
-6.62,cold
-8.61,cold
-8.65,cold
-9.18,cold
-7.75,cold
108.63,hot
22.8,normal
23.18,normal
12.69,normal
9.75,cold
10.1,normal
10.59,normal
10.38,normal
7.09,cold
7.13,cold
7.59,cold
6.84,cold
6.2,cold
7.2,cold
9.48,cold
9.01,cold
9.94,cold
8.27,cold
12.45,normal
16.5,normal
16.51,normal
-1.28,cold
1.79,cold
0.93,cold
2.11,cold
-1.09,cold
-0.17,cold
0.68,cold
0.72,cold
2.16,cold
-0.43,cold
-6.77,cold
-6.77,cold
-9.27,cold
-8.06,cold
-8.93,cold
-9.06,cold
-7.57,cold
-7.93,cold
-5.09,cold
-6.29,cold
-7.66,cold
-6.08,cold
-6.05,cold
-20.95,cold
-21.76,cold
-20.39,cold
-17.16,cold
-16.95,cold
-17.33,cold
-15.49,cold
-17.99,cold
-17.26,cold
-22.47,cold
-22.07,cold
-20.71,cold
-18.32,cold
-19.33,cold
-22.83,cold
-24.18,cold
-24.11,cold
-22.75,cold
-25.05,cold
-22.66,cold
-24.62,cold
-25.82,cold
-22.98,cold
-24.64,cold
-23.59,cold
-22.29,cold
-25.3,cold
-21.31,cold
-15.09,cold
-15.73,cold
-12.14,cold
-10.46,cold
-11.69,cold
-10.81,cold
-9.25,cold
-11.43,cold
-12.2,cold
-15.24,cold
-15.95,cold
-15.94,cold
-17.26,cold
-21.57,cold
-19.38,cold
-17.99,cold
-18.77,cold
91.32,hot
91.84,hot
89.84,hot
87.64,hot
86.27,hot
85.97,hot
85.11,hot
84.78,hot
82.41,hot
83.45,hot
82.44,hot
79.1,hot
82.13,hot
80.9,hot
79.24,hot
77.91,hot
78.09,hot
78.88,hot
79.27,hot
143.7,hot
145.32,hot
143.02,hot
145.06,hot
145.6,hot
146.7,hot
147.38,hot
146.92,hot
146.83,hot
149.08,hot
148.41,hot
148.36,hot
148.01,hot
76.1,hot
72.89,hot
74.51,hot
72.56,hot
71.16,hot
69.42,hot
72.65,hot
74.64,hot
71.84,hot
72.25,hot
71.88,hot
70.64,hot
72.26,hot
71.72,hot
73.38,hot
71.35,hot
62.43,hot
58.88,hot
60.47,hot
60.44,hot
59.04,hot
58.06,hot
58.33,hot
58.66,hot
58.86,hot
55.54,hot
54.2,hot
56.21,hot
57.63,hot
57.65,hot
54.85,hot
54.88,hot
54.1,hot
57.28,hot
55.21,hot
65.45,hot
65.67,hot
55.79,hot
55.23,hot
56.08,hot
53.24,hot
54.44,hot
54.67,hot
55.56,hot
57.73,hot
59.84,hot
60.94,hot
65.38,hot
66.25,hot
64.64,hot
70.98,hot
71.5,hot
75.56,hot
86.41,hot
88.9,hot
89.16,hot
88.68,hot
91.54,hot
91.17,hot
89.77,hot
89.22,hot
91.1,hot
90.71,hot
89.38,hot
87.22,hot
85.84,hot
89.36,hot
77.5,hot
89.26,hot
93.48,hot
96.27,hot
97.1,hot
99.25,hot
102.3,hot
103.01,hot
103.45,hot
107.18,hot
109.4,hot
108.14,hot
106.12,hot
103.38,hot
103.44,hot
105.66,hot
106.85,hot
104.01,hot
106.22,hot
103.17,hot
104.41,hot
102.51,hot
105.38,hot
104.71,hot
105.69,hot
107.03,hot
106.45,hot
105.04,hot
105.29,hot
106.03,hot
103.11,hot
105.54,hot
104.34,hot
120.49,hot
121.75,hot
123.68,hot
124.34,hot
127.88,hot
126.9,hot
126.49,hot
127.61,hot
129.85,hot
130.95,hot
133.33,hot
135.67,hot
137.9,hot
140.06,hot
137.65,hot
138.4,hot
139.45,hot
142.11,hot
140.15,hot
146.27,hot
146.57,hot
148.1,hot
146.49,hot
146.19,hot
147.05,hot
146.37,hot
146.95,hot
147.1,hot
147.79,hot
148.41,hot
147.09,hot
145.68,hot
142.28,hot
141.35,hot
140.59,hot
139.43,hot
138.67,hot
139.33,hot
135.49,hot
135.19,hot
132.86,hot
132.9,hot
129.13,hot
128.34,hot
129.42,hot
132.7,hot
135.15,hot
135.42,hot
138.83,hot
138.68,hot
138.13,hot
140.24,hot
140.76,hot
138.25,hot
134.06,hot
135.79,hot
133.97,hot
132.54,hot
132.67,hot
133.56,hot
133.79,hot
132.1,hot
130.74,hot
126.72,hot
127.79,hot
130.25,hot
130.19,hot
128.37,hot
128.95,hot
128.58,hot
123.08,hot
122.08,hot
109.49,hot
110.26,hot
111.8,hot
112.23,hot
108.06,hot
109.47,hot
108.33,hot
108.99,hot
108.09,hot
110.6,hot
111.97,hot
118.83,hot
121.9,hot
140.64,hot
141.65,hot
142.04,hot
142.7,hot
98.89,hot
100.64,hot
103.59,hot
100.31,hot
99.53,hot
100.81,hot
100.43,hot
100.6,hot
94.62,hot
95.55,hot
98.59,hot
96.69,hot
100.18,hot
102.45,hot
100.24,hot
102.69,hot
102.17,hot
98.35,hot
98.21,hot
100.03,hot
100.24,hot
100.77,hot
103.31,hot
103.06,hot
103.25,hot
112.63,hot
113.83,hot
114.35,hot
111.87,hot
108.05,hot
106.33,hot
107.44,hot
104.77,hot
104.58,hot
107.23,hot
104.19,hot
98.53,hot
97.71,hot
100.02,hot
100.4,hot
101.3,hot
102.21,hot
100.25,hot
98.32,hot
97.91,hot
99.34,hot
95.24,hot
92.5,hot
91.08,hot
89.97,hot
90.38,hot
90.19,hot
89.13,hot
92.64,hot
92.68,hot
93.13,hot
94.52,hot
93.05,hot
96.69,hot
99.09,hot
99.37,hot
99.26,hot
101.7,hot
101.51,hot
102.35,hot
102.09,hot
103.25,hot
106.55,hot
108.69,hot
106.1,hot
107.24,hot
106.64,hot
104.22,hot
106.32,hot
123.03,hot
124.01,hot
123.29,hot
122.8,hot
136.93,hot
136.75,hot
136.67,hot
138.57,hot
136.53,hot
136.33,hot
135.12,hot
134.9,hot
133.11,hot
127.3,hot
126.55,hot
129.21,hot
129.84,hot
127.53,hot
119.7,hot
117.81,hot
119.03,hot
117.03,hot
115.53,hot
117.49,hot
118.53,hot
116.14,hot
117.93,hot
119.72,hot
123.38,hot
120.31,hot
116.55,hot
116.92,hot
117.31,hot
118.64,hot
117.19,hot
116.28,hot
118.07,hot
114.63,hot
118.29,hot
119.53,hot
116.9,hot
128.41,hot
129.06,hot
-15.31,cold
-14.24,cold
-16.38,cold
-12.56,cold
-12.19,cold
-10.31,cold
-13.65,cold
-11.53,cold
-11.07,cold
-14.79,cold
18.95,normal
19.25,normal
30.83,hot
34.3,hot
30.36,hot
31.78,hot
30.26,hot
30.83,hot
29.85,normal
28.33,normal
29.55,normal
35.08,hot
32.3,hot
31.11,hot
31.05,hot
31.6,hot
30.48,hot
32.51,hot
30.93,hot
30.13,hot
32.2,hot
33.84,hot
32.92,hot
29.44,normal
34.55,hot
33.27,hot
35.63,hot
40.19,hot
44.13,hot
44.09,hot
44.78,hot
47.35,hot
48.55,hot
46.71,hot
45.96,hot
45.65,hot
48.5,hot
47.34,hot
47.78,hot
45.82,hot
43.32,hot
43.36,hot
41.5,hot
41.02,hot
45.01,hot
43.45,hot
48.34,hot
47.26,hot
45.02,hot
44.3,hot
46.29,hot
46.8,hot
47.05,hot
45.47,hot
45.03,hot
42.73,hot
45.13,hot
45.76,hot
44.35,hot
46.15,hot
43.49,hot
41.86,hot
42.23,hot
43.18,hot
42.0,hot
43.69,hot
43.95,hot
42.77,hot
43.42,hot
45.84,hot
48.32,hot
49.47,hot
46.78,hot
47.79,hot
50.59,hot
51.7,hot
49.27,hot
48.85,hot
49.42,hot
44.42,hot
42.96,hot
42.98,hot
27.99,normal
15.54,normal
37.59,hot
38.78,hot
35.5,hot
35.74,hot
35.07,hot
39.86,hot
37.63,hot
34.59,hot
34.81,hot
35.82,hot
37.06,hot
39.14,hot
37.35,hot
34.73,hot
33.74,hot
34.93,hot
33.74,hot
35.9,hot
36.58,hot
37.14,hot
32.72,hot
34.93,hot
32.93,hot
32.36,hot
35.1,hot
32.76,hot
30.4,hot
30.93,hot
33.34,hot
32.09,hot
33.4,hot
35.06,hot
38.68,hot
35.58,hot
40.96,hot
39.14,hot
37.36,hot
37.24,hot
51.63,hot
51.73,hot
54.24,hot
55.02,hot
53.88,hot
52.3,hot
49.19,hot
52.92,hot
49.94,hot
86.89,hot
89.03,hot
90.24,hot
94.85,hot
91.89,hot
89.94,hot
91.95,hot
90.3,hot
88.86,hot
90.42,hot
88.84,hot
88.91,hot
89.13,hot
87.16,hot
86.59,hot
82.63,hot
82.72,hot
79.63,hot
78.36,hot
79.2,hot
79.73,hot
78.74,hot
78.37,hot
78.89,hot
79.32,hot
80.21,hot
78.56,hot
78.88,hot
83.31,hot
85.7,hot
83.18,hot
85.24,hot
86.98,hot
87.13,hot
86.83,hot
87.19,hot
89.65,hot
92.2,hot
91.9,hot
94.34,hot
96.45,hot
116.77,hot
116.32,hot
114.49,hot
112.82,hot
113.67,hot
113.75,hot
115.78,hot
115.46,hot
115.1,hot
114.89,hot
113.65,hot
114.82,hot
116.54,hot
114.88,hot
116.47,hot
116.23,hot
114.8,hot
115.84,hot
113.85,hot
113.49,hot
132.09,hot
132.75,hot
135.26,hot
134.36,hot
134.91,hot
134.87,hot
135.32,hot
135.36,hot
136.69,hot
127.9,hot
126.34,hot
124.82,hot
121.16,hot
118.7,hot
118.4,hot
117.75,hot
118.38,hot
116.61,hot
116.97,hot
119.58,hot
120.57,hot
120.09,hot
119.76,hot
120.18,hot
117.75,hot
118.07,hot
119.38,hot
121.0,hot
109.43,hot
105.84,hot
105.07,hot
104.82,hot
104.02,hot
104.56,hot
102.21,hot
103.19,hot
105.55,hot
106.51,hot
104.57,hot
103.77,hot
102.54,hot
101.12,hot
103.3,hot
102.37,hot
112.56,hot
110.35,hot
107.56,hot
108.74,hot
108.73,hot
108.3,hot
108.94,hot
112.25,hot
110.06,hot
107.11,hot
99.29,hot
99.78,hot
100.38,hot
100.73,hot
96.34,hot
96.02,hot
94.42,hot
90.6,hot
93.39,hot
94.81,hot
98.15,hot
96.26,hot
97.43,hot
95.96,hot
92.96,hot
92.78,hot
94.68,hot
94.56,hot
75.61,hot
74.94,hot
76.86,hot
77.78,hot
79.56,hot
81.08,hot
80.38,hot
78.83,hot
78.01,hot
79.84,hot
79.28,hot
76.72,hot
68.44,hot
67.22,hot
65.76,hot
69.54,hot
68.32,hot
69.05,hot
68.26,hot
66.06,hot
67.07,hot
69.96,hot
76.26,hot
74.01,hot
77.86,hot
76.31,hot
72.18,hot
72.24,hot
75.53,hot
76.25,hot
73.52,hot
74.71,hot
73.73,hot
75.0,hot
55.14,hot
55.54,hot
55.38,hot
54.22,hot
58.56,hot
55.71,hot
54.15,hot
53.63,hot
56.83,hot
58.43,hot
56.81,hot
58.72,hot
59.13,hot
60.66,hot
143.46,hot
149.09,hot
149.56,hot
148.48,hot
147.48,hot
150.0,hot
149.21,hot
147.67,hot
145.84,hot
144.69,hot
144.5,hot
144.01,hot
143.43,hot
142.71,hot
142.59,hot
141.58,hot
141.17,hot
142.69,hot
143.02,hot
143.85,hot
145.89,hot
147.43,hot
147.11,hot
145.86,hot
148.28,hot
147.29,hot
145.94,hot
143.75,hot
142.07,hot
143.57,hot
141.25,hot
137.89,hot
141.26,hot
143.26,hot
142.7,hot
142.9,hot
143.41,hot
144.38,hot
139.67,hot
138.64,hot
137.11,hot
137.04,hot
137.49,hot
140.01,hot
142.3,hot
142.1,hot
141.79,hot
144.81,hot
142.15,hot
142.03,hot
140.09,hot
153.03,hot
150.0,hot
159.12,hot
150.0,hot
150.0,hot
149.39,hot
150.0,hot
146.52,hot
145.78,hot
144.43,hot
141.29,hot
140.88,hot
138.53,hot
138.21,hot
151.5,hot
150.0,hot
150.0,hot
150.0,hot
150.0,hot
150.0,hot
149.92,hot
150.0,hot
148.78,hot
148.61,hot
150.0,hot
148.48,hot
152.97,hot
147.16,hot
148.34,hot
150.0,hot
150.0,hot
145.48,hot
143.68,hot
142.18,hot
139.69,hot
143.59,hot
144.13,hot
140.98,hot
138.54,hot
135.9,hot
131.65,hot
133.17,hot
136.23,hot
134.58,hot
135.95,hot
135.07,hot
134.39,hot
136.02,hot
140.39,hot
143.69,hot
142.25,hot
139.98,hot
138.19,hot
140.98,hot
43.65,hot
46.09,hot
43.94,hot
47.34,hot
46.54,hot
48.05,hot
48.45,hot
44.32,hot
43.69,hot
42.38,hot
42.43,hot
38.36,hot
38.45,hot
39.26,hot
40.69,hot
41.3,hot
39.65,hot
38.6,hot
38.66,hot
36.48,hot
36.75,hot
32.01,hot
36.09,hot
34.76,hot
35.16,hot
33.79,hot
30.92,hot
31.57,hot
30.5,hot
28.7,normal
26.77,normal
27.74,normal
29.88,normal
24.12,normal
25.81,normal
24.47,normal
24.35,normal
24.87,normal
20.97,normal
23.71,normal
21.54,normal
26.15,normal
24.46,normal
20.9,normal
16.44,normal
18.79,normal
18.24,normal
33.09,hot
34.45,hot
32.69,hot
32.89,hot
17.15,normal
17.74,normal
15.43,normal
22.17,normal
24.55,normal
28.25,normal
29.95,normal
30.79,hot
31.44,hot
34.01,hot
33.09,hot
34.6,hot
32.21,hot
32.78,hot
33.62,hot
32.46,hot
31.28,hot
30.36,hot
26.02,normal
23.63,normal
20.46,normal
21.29,normal
22.67,normal
23.2,normal
20.83,normal
22.95,normal
22.59,normal
20.76,normal
19.78,normal
21.93,normal
17.38,normal
18.91,normal
19.91,normal
18.15,normal
19.63,normal
18.35,normal
16.27,normal
20.16,normal
20.9,normal
22.07,normal
24.86,normal
21.55,normal
19.54,normal
20.26,normal
34.85,hot
35.29,hot
36.99,hot
34.53,hot
33.34,hot
32.74,hot
30.39,hot
34.03,hot
34.45,hot
32.48,hot
34.52,hot
36.36,hot
37.45,hot
33.11,hot
33.95,hot
36.57,hot
127.24,hot
126.73,hot
124.98,hot
127.28,hot
126.75,hot
109.62,hot
46.08,hot
50.63,hot
48.86,hot
50.4,hot
52.59,hot
53.44,hot
52.08,hot
46.25,hot
42.22,hot
36.56,hot
37.83,hot
41.06,hot
40.56,hot
41.81,hot
41.18,hot
39.3,hot
38.17,hot
37.23,hot
35.52,hot
35.59,hot
36.55,hot
34.44,hot
36.16,hot
36.66,hot
39.6,hot
38.2,hot
50.49,hot
49.52,hot
51.42,hot
52.47,hot
52.72,hot
51.78,hot
52.93,hot
52.67,hot
51.45,hot
52.64,hot
142.87,hot
130.96,hot
131.04,hot
67.56,hot
67.4,hot
61.06,hot
58.68,hot
58.58,hot
57.0,hot
57.07,hot
57.07,hot
57.9,hot
56.16,hot
56.36,hot
55.89,hot
55.08,hot
52.09,hot
54.65,hot
55.99,hot
56.76,hot
54.39,hot
53.88,hot
55.17,hot
55.21,hot
53.02,hot
46.67,hot
52.18,hot
51.57,hot
51.04,hot
50.24,hot
51.21,hot
47.31,hot
44.52,hot
43.1,hot
45.95,hot
45.11,hot
45.72,hot
45.22,hot
44.9,hot
44.53,hot
44.4,hot
44.88,hot
46.62,hot
64.23,hot
65.41,hot
66.65,hot
69.35,hot
52.14,hot
53.51,hot
53.23,hot
52.11,hot
53.07,hot
55.43,hot
60.12,hot
61.86,hot
63.76,hot
62.39,hot
59.69,hot
59.98,hot
58.94,hot
56.45,hot
56.92,hot
55.56,hot
57.5,hot
55.8,hot
56.75,hot
55.21,hot
58.43,hot
56.79,hot
54.35,hot
50.97,hot
48.73,hot
46.68,hot
45.93,hot
46.47,hot
44.82,hot
46.47,hot
46.79,hot
49.49,hot
52.08,hot
55.41,hot
56.02,hot
55.12,hot
42.06,hot
46.35,hot
48.14,hot
47.77,hot
48.15,hot
47.57,hot
46.38,hot
50.79,hot
53.19,hot
54.17,hot
53.26,hot
55.38,hot
55.78,hot
56.83,hot
56.57,hot
57.01,hot
56.19,hot
55.08,hot
57.7,hot
56.68,hot
58.96,hot
59.25,hot
64.54,hot
70.57,hot
71.82,hot
70.07,hot
65.26,hot
62.0,hot
62.11,hot
60.15,hot
58.49,hot
58.14,hot
63.28,hot
63.43,hot
62.41,hot
62.72,hot
63.52,hot
68.07,hot
65.6,hot
63.13,hot
65.64,hot
67.1,hot
68.18,hot
72.55,hot
71.18,hot
70.84,hot
69.21,hot
65.06,hot
65.02,hot
65.7,hot
65.16,hot
60.67,hot
60.71,hot
60.04,hot
57.36,hot
57.32,hot
57.9,hot
59.12,hot
56.01,hot
56.68,hot
59.64,hot
61.55,hot
66.2,hot
62.56,hot
61.15,hot
60.92,hot
60.23,hot
58.7,hot
58.84,hot
59.34,hot
59.5,hot
57.35,hot
5.07,cold
6.36,cold
6.34,cold
4.87,cold
1.56,cold
0.26,cold
-15.13,cold
-13.95,cold
-12.62,cold
-11.58,cold
-10.73,cold
-11.62,cold
-12.74,cold
-13.59,cold
-11.47,cold
-9.87,cold
-12.22,cold
-12.3,cold
-15.81,cold
-19.67,cold
-10.58,cold
-12.34,cold
-9.53,cold
-11.51,cold
-12.62,cold
-16.74,cold
-31.42,cold
-30.0,cold
-29.55,cold
-29.04,cold
-42.36,cold
-30.0,cold
-27.12,cold
-28.29,cold
-28.99,cold
-30.0,cold
-27.54,cold
-26.09,cold
-25.97,cold
-27.66,cold
-26.38,cold
-27.19,cold
-30.0,cold
-28.94,cold
-25.27,cold
-20.85,cold
-20.07,cold
-16.91,cold
-17.53,cold
-15.78,cold
-16.17,cold
-16.97,cold
-15.34,cold
-16.97,cold
-17.77,cold
-16.85,cold
-16.27,cold
-17.0,cold
-18.74,cold
-18.02,cold
-16.08,cold
-15.05,cold
-20.9,cold
-19.68,cold
-23.84,cold
-23.29,cold
-20.58,cold
-19.38,cold
-22.83,cold
-18.8,cold
-17.68,cold
-17.11,cold
-16.59,cold
-14.64,cold
-16.13,cold
-16.65,cold
-17.96,cold
-19.93,cold
-31.31,cold
-30.0,cold
-30.0,cold
-30.0,cold
50.93,hot
51.44,hot
53.83,hot
52.8,hot
51.2,hot
50.51,hot
52.05,hot
48.65,hot
47.53,hot
46.98,hot
42.58,hot
42.92,hot
45.24,hot
41.63,hot
41.08,hot
40.7,hot
37.71,hot
35.23,hot
44.8,hot
42.61,hot
42.47,hot
47.61,hot
43.11,hot
41.94,hot
40.7,hot
42.38,hot
42.43,hot
39.77,hot
35.41,hot
28.7,normal
29.0,normal
29.48,normal
30.95,hot
27.16,normal
27.78,normal
26.08,normal
26.09,normal
25.04,normal
23.99,normal
23.23,normal
19.28,normal
19.35,normal
16.97,normal
27.61,normal
27.57,normal
24.94,normal
26.53,normal
21.32,normal
20.27,normal
19.44,normal
17.19,normal
17.31,normal
19.59,normal
16.77,normal
18.94,normal
14.98,normal
14.44,normal
17.87,normal
19.52,normal
30.46,hot
29.87,normal
31.11,hot
26.85,normal
27.91,normal
27.68,normal
30.49,hot
28.07,normal
30.49,hot
26.0,normal
27.47,normal
27.59,normal
43.03,hot
42.82,hot
46.42,hot
48.14,hot
49.02,hot
48.18,hot
46.84,hot
45.28,hot
44.51,hot
45.59,hot
46.51,hot
49.11,hot
49.99,hot
48.15,hot
47.13,hot
48.59,hot
51.87,hot
49.51,hot
51.62,hot
51.55,hot
51.97,hot
51.44,hot
55.48,hot
55.94,hot
53.51,hot
53.49,hot
53.5,hot
51.89,hot
50.21,hot
52.64,hot
49.6,hot
51.5,hot
50.82,hot
38.52,hot
35.63,hot
37.0,hot
40.24,hot
39.0,hot
39.37,hot
38.54,hot
38.08,hot
40.02,hot
39.85,hot
40.2,hot
41.42,hot
42.22,hot
42.92,hot
41.98,hot
41.39,hot
38.47,hot
37.83,hot
38.92,hot
42.12,hot
43.25,hot
39.89,hot
39.3,hot
38.52,hot
39.0,hot
35.83,hot
35.85,hot
36.18,hot
37.67,hot
40.24,hot
33.16,hot
32.86,hot
33.88,hot
32.73,hot
31.25,hot
30.18,hot
28.67,normal
29.24,normal
29.52,normal
30.78,hot
30.15,hot
29.83,normal
29.78,normal
34.48,hot
33.38,hot
36.52,hot
37.05,hot
37.77,hot
38.41,hot
45.97,hot
46.12,hot
59.49,hot
57.42,hot
56.78,hot
51.97,hot
51.86,hot
51.09,hot
53.68,hot
57.58,hot
63.76,hot
64.32,hot
61.83,hot
61.78,hot
59.97,hot
60.65,hot
81.26,hot
79.91,hot
78.74,hot
78.37,hot
75.25,hot
80.92,hot
79.35,hot
80.55,hot
76.18,hot
76.73,hot
78.09,hot
78.19,hot
77.53,hot
74.13,hot
74.12,hot
72.93,hot
73.69,hot
75.08,hot
74.83,hot
70.15,hot
68.59,hot
69.11,hot
72.23,hot
68.82,hot
72.49,hot
73.69,hot
89.82,hot
87.93,hot
88.56,hot
89.89,hot
86.45,hot
84.04,hot
81.13,hot
84.86,hot
81.12,hot
81.95,hot
80.14,hot
83.28,hot
85.44,hot
82.92,hot
82.6,hot
83.04,hot
80.32,hot
82.78,hot
82.97,hot
80.94,hot
78.16,hot
77.2,hot
74.42,hot
71.53,hot
88.41,hot
87.34,hot
106.39,hot
106.32,hot
105.95,hot
103.75,hot
103.95,hot
104.89,hot
107.07,hot
107.49,hot
108.5,hot
112.48,hot
112.25,hot
113.47,hot
113.98,hot
112.19,hot
111.87,hot
110.8,hot
113.51,hot
117.09,hot
116.51,hot
115.7,hot
113.5,hot
110.07,hot
111.48,hot
110.42,hot
114.84,hot
113.65,hot
114.86,hot
116.45,hot
116.23,hot
0.35,cold
3.66,cold
4.91,cold
8.89,cold
9.68,cold
10.55,normal
9.76,cold
7.76,cold
8.8,cold
9.74,cold
7.4,cold
6.97,cold
8.64,cold
8.52,cold
9.41,cold
13.77,normal
14.16,normal
19.14,normal
18.59,normal
20.73,normal
17.72,normal
14.45,normal
13.6,normal
15.33,normal
11.94,normal
13.58,normal
15.21,normal
15.43,normal
14.6,normal
17.35,normal
19.39,normal
19.54,normal
21.59,normal
21.69,normal
23.13,normal
21.46,normal
23.65,normal
24.8,normal
21.78,normal
19.22,normal
17.43,normal
20.53,normal
15.84,normal
15.22,normal
12.12,normal
12.65,normal
22.5,normal
22.17,normal
20.43,normal
20.9,normal
19.46,normal
17.19,normal
17.89,normal
18.96,normal
17.51,normal
17.1,normal
15.04,normal
14.81,normal
15.11,normal
17.45,normal
20.45,normal
24.19,normal
24.26,normal
26.44,normal
25.3,normal
25.27,normal
29.89,normal
26.93,normal
138.63,hot
137.65,hot
136.42,hot
134.99,hot
134.3,hot
131.34,hot
130.59,hot
126.71,hot
128.49,hot
129.91,hot
126.07,hot
130.55,hot
128.67,hot
127.22,hot
127.02,hot
117.07,hot
117.04,hot
116.96,hot
113.18,hot
110.23,hot
112.28,hot
112.46,hot
114.41,hot
118.73,hot
115.01,hot
111.8,hot
109.95,hot
109.02,hot
103.25,hot
103.64,hot
105.57,hot
104.66,hot
107.23,hot
108.81,hot
106.57,hot
104.86,hot
105.98,hot
106.72,hot
107.71,hot
105.26,hot
103.58,hot
99.12,hot
98.32,hot
99.01,hot
97.03,hot
97.33,hot
96.05,hot
110.65,hot
111.18,hot
106.96,hot
102.24,hot
100.16,hot
101.0,hot
102.62,hot
104.42,hot
103.78,hot
100.87,hot
101.77,hot
103.75,hot
102.01,hot
100.65,hot
99.42,hot
99.99,hot
115.29,hot
113.13,hot
114.51,hot
112.34,hot
112.33,hot
114.28,hot
116.67,hot
115.98,hot
113.41,hot
114.84,hot
114.04,hot
115.9,hot
115.04,hot
133.46,hot
135.41,hot
136.66,hot
140.84,hot
142.48,hot
142.45,hot
141.76,hot
144.91,hot
143.76,hot
140.14,hot
142.51,hot
143.14,hot
141.78,hot
145.98,hot
143.21,hot
142.7,hot
140.03,hot
137.5,hot
138.38,hot
136.44,hot
139.9,hot
136.23,hot
136.75,hot
138.23,hot
136.82,hot
136.52,hot
135.24,hot
137.17,hot
132.03,hot
131.56,hot
132.66,hot
133.8,hot
132.08,hot
131.65,hot
129.62,hot
128.36,hot
132.02,hot
133.93,hot
131.14,hot
130.26,hot
129.07,hot
125.8,hot
123.72,hot
124.95,hot
121.59,hot
124.62,hot
122.36,hot
70.41,hot
69.72,hot
66.06,hot
67.29,hot
68.68,hot
64.62,hot
64.16,hot
61.35,hot
63.27,hot
64.6,hot
64.47,hot
63.75,hot
65.88,hot
65.36,hot
62.91,hot
65.76,hot
66.05,hot
64.64,hot
63.94,hot
63.79,hot
-16.59,cold
-16.02,cold
-16.92,cold
-16.52,cold
-16.96,cold
-16.82,cold
-17.88,cold
-18.86,cold
-21.97,cold
-18.84,cold
-21.04,cold
-21.07,cold
-21.35,cold
-21.11,cold
-18.67,cold
-17.71,cold
-23.69,cold
-25.87,cold
-24.86,cold
-26.21,cold
-10.03,cold
-9.1,cold
-11.4,cold
-13.33,cold
-14.06,cold
-15.07,cold
-14.04,cold
-11.51,cold
-10.48,cold
-7.38,cold
-6.34,cold
-11.69,cold
-10.8,cold
-10.82,cold
-8.98,cold
-7.61,cold
-7.61,cold
-6.41,cold
-6.29,cold
-9.53,cold
-0.69,cold
-0.97,cold
-0.5,cold
-17.56,cold
-18.97,cold
-19.67,cold
-21.01,cold
-20.74,cold
-20.67,cold
-20.9,cold
-23.38,cold
-24.03,cold
-22.71,cold
-20.54,cold
-19.79,cold
-21.68,cold
-22.23,cold
-21.26,cold
-36.2,cold
-30.0,cold
-29.79,cold
-29.98,cold
-29.69,cold
-29.86,cold
-30.0,cold
-29.84,cold
-30.0,cold
-29.58,cold
-28.03,cold
-27.67,cold
-29.91,cold
-27.58,cold
-27.91,cold
-25.54,cold
-25.63,cold
-26.42,cold
-26.34,cold
-27.03,cold
-27.18,cold
-25.18,cold
-27.31,cold
-23.99,cold
-23.48,cold
-24.88,cold
-22.07,cold
-21.1,cold
-21.18,cold
-19.11,cold
-20.54,cold
-23.55,cold
-23.14,cold
-24.13,cold
-23.3,cold
-22.72,cold
-22.56,cold
-23.24,cold
-22.76,cold
-21.95,cold
-23.85,cold
-20.23,cold
-16.87,cold
-18.52,cold
-19.02,cold
-1.0,cold
5.58,cold
5.6,cold
7.55,cold
1.66,cold
3.44,cold
2.23,cold
1.67,cold
4.13,cold
2.4,cold
2.15,cold
3.03,cold
0.16,cold
-3.85,cold
-6.81,cold
-8.55,cold
-7.44,cold
-10.43,cold
-10.45,cold
-0.43,cold
-0.21,cold
1.65,cold
-1.89,cold
63.41,hot
61.71,hot
60.12,hot
65.04,hot
63.46,hot
61.72,hot
63.42,hot
64.66,hot
64.84,hot
67.26,hot
65.69,hot
67.11,hot
65.9,hot
63.51,hot
59.11,hot
57.34,hot
60.72,hot
63.81,hot
61.43,hot
61.46,hot
60.21,hot
58.69,hot
90.85,hot
89.57,hot
90.41,hot
89.48,hot
87.76,hot
85.98,hot
84.61,hot
86.94,hot
84.76,hot
89.88,hot
90.74,hot
89.31,hot
89.18,hot
87.03,hot
88.79,hot
74.67,hot
73.81,hot
71.21,hot
67.62,hot
69.79,hot
69.05,hot
70.46,hot
68.46,hot
64.95,hot
70.28,hot
70.47,hot
80.77,hot
80.09,hot
78.93,hot
86.37,hot
84.24,hot
84.14,hot
86.84,hot
94.7,hot
97.82,hot
93.92,hot
93.37,hot
92.03,hot
91.99,hot
91.87,hot
90.61,hot
90.01,hot
91.58,hot
88.02,hot
89.43,hot
90.98,hot
91.56,hot
91.62,hot
91.55,hot
89.84,hot
88.73,hot
88.8,hot
86.49,hot
87.14,hot
88.14,hot
86.18,hot
83.04,hot
81.18,hot
82.71,hot
81.88,hot
86.07,hot
84.96,hot
86.9,hot
87.7,hot
87.16,hot
87.11,hot
85.69,hot
85.92,hot
89.13,hot
84.97,hot
86.43,hot
96.8,hot
97.92,hot
97.61,hot
96.99,hot
92.78,hot
92.89,hot
94.62,hot
95.97,hot
92.54,hot
92.1,hot
98.2,hot
99.47,hot
98.69,hot
96.73,hot
97.06,hot
99.18,hot
98.31,hot
96.63,hot
98.0,hot
97.04,hot
96.95,hot
89.94,hot
92.56,hot
91.78,hot
92.81,hot
91.75,hot
94.46,hot
95.08,hot
96.03,hot
97.4,hot
98.88,hot
101.22,hot
99.67,hot
100.77,hot
98.09,hot
100.26,hot
100.34,hot
103.09,hot
103.81,hot
104.44,hot
103.72,hot
99.59,hot
103.83,hot
103.67,hot
105.65,hot
109.2,hot
106.24,hot
102.75,hot
103.06,hot
107.79,hot
107.03,hot
105.85,hot
108.96,hot
108.55,hot
114.79,hot
115.11,hot
116.43,hot
115.17,hot
117.74,hot
115.87,hot
96.92,hot
95.21,hot
47.28,hot
45.41,hot
44.96,hot
45.83,hot
46.63,hot
47.9,hot
48.1,hot
48.1,hot
46.47,hot
45.82,hot
45.69,hot
47.44,hot
52.29,hot
51.77,hot
53.51,hot
-11.9,cold
-12.56,cold
-10.06,cold
-12.17,cold
-18.08,cold
-14.02,cold
-15.67,cold
-17.79,cold
-18.7,cold
-18.02,cold
-20.12,cold
-22.06,cold
-24.3,cold
-21.22,cold
-19.95,cold
-20.19,cold
-17.83,cold
-17.01,cold
-12.27,cold
-9.48,cold
-9.55,cold
-13.03,cold
-11.33,cold
-13.15,cold
-14.95,cold
-12.11,cold
-9.49,cold
-7.76,cold
-9.28,cold
-7.95,cold
-4.49,cold
-5.43,cold
-6.22,cold
-10.04,cold
-8.9,cold
-8.11,cold
-8.61,cold
-7.98,cold
-7.1,cold
-5.43,cold
-5.34,cold
-9.01,cold
-10.27,cold
-9.12,cold
-10.66,cold
-15.3,cold
-19.05,cold
-16.69,cold
-12.11,cold
-15.64,cold
-15.68,cold
-16.18,cold
-19.77,cold
-18.69,cold
-18.61,cold
-21.46,cold
-23.01,cold
-23.13,cold
-22.95,cold
-21.37,cold
-19.82,cold
-20.79,cold
-22.92,cold
-20.88,cold
-22.11,cold
-24.81,cold
-27.17,cold
-29.47,cold
-30.0,cold
-28.76,cold
-28.95,cold
-25.49,cold
-29.98,cold
-29.59,cold
-30.0,cold
-30.0,cold
-42.05,cold
-30.0,cold
-30.0,cold
-30.0,cold
-30.0,cold
-30.0,cold
-28.49,cold
-28.29,cold
-29.89,cold
-30.0,cold
-30.0,cold
-29.06,cold
-27.09,cold
-30.0,cold
-27.97,cold
-28.78,cold
-28.6,cold
-29.48,cold
-30.0,cold
-30.0,cold
-28.41,cold
-25.71,cold
-24.23,cold
-20.87,cold
-23.92,cold
-26.23,cold
-27.97,cold
-28.4,cold
-26.46,cold
-24.71,cold
-25.43,cold
-27.88,cold
-29.16,cold
-26.19,cold
-16.41,cold
-19.27,cold
-16.89,cold
-15.56,cold
-17.64,cold
-16.0,cold
-15.21,cold
-14.87,cold
-11.98,cold
-13.3,cold
-13.56,cold
-14.58,cold
48.8,hot
46.87,hot
42.81,hot
42.83,hot
47.71,hot
49.38,hot
49.6,hot
46.52,hot
47.01,hot
41.83,hot
43.25,hot
41.31,hot
40.64,hot
38.4,hot
31.12,hot
26.98,normal
23.45,normal
22.64,normal
18.53,normal
16.17,normal
16.61,normal
19.95,normal
51.16,hot
53.39,hot
54.06,hot
53.48,hot
52.08,hot
50.33,hot
52.32,hot
54.12,hot
53.65,hot
53.26,hot
26.12,normal
-24.06,cold
-23.17,cold
-21.47,cold
-22.99,cold
-23.59,cold
-22.92,cold
-25.59,cold
-26.08,cold
-25.41,cold
-26.84,cold
-24.48,cold
-24.15,cold
-24.12,cold
-23.37,cold
-23.04,cold
-23.85,cold
-33.26,cold
-27.84,cold
-26.8,cold
-28.06,cold
-26.86,cold
-25.4,cold
-22.62,cold
-21.0,cold
-22.45,cold
-25.26,cold
-27.86,cold
-24.92,cold
-24.98,cold
-23.2,cold
130.2,hot
131.84,hot
130.02,hot
128.75,hot
129.45,hot
133.89,hot
134.0,hot
132.35,hot
132.28,hot
133.79,hot
130.98,hot
129.88,hot
128.21,hot
131.05,hot
129.41,hot
130.85,hot
131.49,hot
133.44,hot
135.3,hot
133.27,hot
132.54,hot
130.54,hot
134.93,hot
131.57,hot
130.57,hot
130.33,hot
128.58,hot
120.28,hot
119.64,hot
121.21,hot
89.04,hot
87.04,hot
85.33,hot
89.44,hot
89.74,hot
91.46,hot
93.08,hot
98.81,hot
97.01,hot
95.85,hot
96.65,hot
94.01,hot
93.53,hot
95.87,hot
92.56,hot
102.8,hot
100.77,hot
103.43,hot
103.19,hot
100.51,hot
99.54,hot
107.52,hot
107.38,hot
108.05,hot
-28.75,cold
-29.49,cold
-13.6,cold
147.28,hot
148.82,hot
146.31,hot
148.89,hot
149.52,hot
106.29,hot
108.11,hot
107.93,hot
108.23,hot
114.62,hot
113.52,hot
112.68,hot
113.7,hot
116.01,hot
114.68,hot
114.51,hot
113.48,hot
113.47,hot
112.05,hot
110.66,hot
113.34,hot
109.82,hot
110.19,hot
110.28,hot
106.25,hot
114.69,hot
112.86,hot
112.82,hot
113.74,hot
113.15,hot
113.79,hot
115.98,hot
99.63,hot
99.53,hot
98.56,hot
98.67,hot
100.03,hot
101.37,hot
99.77,hot
97.88,hot
98.5,hot
98.08,hot
99.59,hot
99.2,hot
101.71,hot
96.08,hot
99.93,hot
97.72,hot
100.69,hot
98.06,hot
129.96,hot
128.05,hot
129.96,hot
131.54,hot
129.38,hot
127.03,hot
127.19,hot
126.61,hot
126.82,hot
127.12,hot
129.45,hot
133.13,hot
135.03,hot
136.38,hot
136.21,hot
138.48,hot
137.42,hot
138.98,hot
95.82,hot
94.78,hot
99.62,hot
99.33,hot
99.83,hot
98.69,hot
98.62,hot
97.45,hot
98.16,hot
98.06,hot
97.16,hot
99.29,hot
98.95,hot
97.08,hot
96.72,hot
100.77,hot
100.36,hot
100.71,hot
101.27,hot
100.91,hot
101.11,hot
100.68,hot
101.14,hot
86.44,hot
85.45,hot
82.49,hot
80.84,hot
81.16,hot
77.54,hot
75.53,hot
76.64,hot
77.2,hot
82.56,hot
81.71,hot
80.09,hot
79.59,hot
81.91,hot
81.04,hot
81.05,hot
82.89,hot
85.61,hot
85.72,hot
85.09,hot
84.57,hot
88.77,hot
89.96,hot
90.04,hot
94.46,hot
93.51,hot
92.09,hot
90.72,hot
92.2,hot
91.89,hot
90.32,hot
92.52,hot
91.17,hot
90.66,hot
91.16,hot
88.38,hot
86.6,hot
87.77,hot
88.63,hot
88.08,hot
92.1,hot
88.83,hot
88.29,hot
89.2,hot
89.25,hot
91.59,hot
90.5,hot
91.31,hot
89.92,hot
87.35,hot
85.85,hot
86.19,hot
76.78,hot
77.4,hot
75.39,hot
77.44,hot
76.18,hot
74.96,hot
74.23,hot
79.0,hot
78.77,hot
80.34,hot
81.09,hot
81.35,hot
80.17,hot
78.24,hot
78.14,hot
79.24,hot
79.02,hot
81.91,hot
78.17,hot
77.31,hot
78.93,hot
80.51,hot
81.43,hot
80.48,hot
82.1,hot
81.42,hot
83.85,hot
82.8,hot
82.36,hot
79.83,hot
83.34,hot
81.76,hot
82.18,hot
81.81,hot
83.41,hot
83.63,hot
85.81,hot
87.37,hot
87.41,hot
89.06,hot
86.04,hot
83.12,hot
83.37,hot
80.54,hot
77.8,hot
78.79,hot
75.56,hot
76.45,hot
76.81,hot
76.59,hot
78.01,hot
14.15,normal
11.5,normal
11.37,normal
22.43,normal
23.0,normal
24.89,normal
26.55,normal
24.74,normal
23.47,normal
24.95,normal
25.27,normal
25.66,normal
25.19,normal
22.57,normal
23.9,normal
28.32,normal
16.24,normal
14.99,normal
17.0,normal
17.05,normal
17.97,normal
15.76,normal
13.34,normal
12.21,normal
13.17,normal
12.02,normal
11.38,normal
11.32,normal
12.15,normal
10.18,normal
9.95,cold
8.84,cold
5.28,cold
7.41,cold
24.17,normal
23.56,normal
25.26,normal
25.27,normal
27.57,normal
26.32,normal
24.32,normal
20.85,normal
20.34,normal
19.33,normal
18.38,normal
19.02,normal
17.11,normal
18.39,normal
19.17,normal
17.7,normal
14.59,normal
14.87,normal
15.02,normal
15.96,normal
18.15,normal
17.98,normal
17.98,normal
16.63,normal
20.16,normal
21.12,normal
19.61,normal
18.99,normal
19.31,normal
22.58,normal
23.53,normal
23.02,normal
22.66,normal
23.91,normal
23.28,normal
23.56,normal
26.11,normal
22.95,normal
23.25,normal
19.31,normal
17.83,normal
87.24,hot
87.68,hot
87.35,hot
84.36,hot
85.81,hot
84.23,hot
85.62,hot
84.94,hot
86.86,hot
89.89,hot
92.18,hot
93.2,hot
91.97,hot
95.2,hot
93.66,hot
89.25,hot
88.81,hot
86.63,hot
87.75,hot
87.04,hot
90.34,hot
91.93,hot
95.26,hot
96.03,hot
97.63,hot
96.95,hot
98.75,hot
96.5,hot
96.71,hot
98.45,hot
99.1,hot
100.12,hot
100.52,hot
100.45,hot
102.26,hot
105.44,hot
104.26,hot
107.75,hot
109.08,hot
108.86,hot
93.29,hot
95.51,hot
96.64,hot
97.69,hot
96.09,hot
95.81,hot
95.06,hot
94.16,hot
93.9,hot
94.31,hot
93.83,hot
92.33,hot
95.37,hot
95.17,hot
94.63,hot
95.87,hot
95.12,hot
95.45,hot
98.37,hot
98.24,hot
97.33,hot
96.58,hot
99.72,hot
99.03,hot
101.31,hot
103.68,hot
101.35,hot
109.54,hot
108.12,hot
108.25,hot
107.7,hot
110.21,hot
112.59,hot
113.39,hot
109.36,hot
110.33,hot
111.86,hot
112.49,hot
112.62,hot
113.38,hot
116.07,hot
117.84,hot
115.11,hot
114.34,hot
113.13,hot
112.04,hot
109.34,hot
103.28,hot
104.72,hot
104.03,hot
104.27,hot
100.94,hot
96.94,hot
93.73,hot
90.1,hot
91.04,hot
93.58,hot
95.7,hot
95.86,hot
95.31,hot
92.86,hot
94.82,hot
94.05,hot
89.8,hot
89.54,hot
87.67,hot
85.52,hot
83.4,hot
84.65,hot
82.7,hot
83.02,hot
84.15,hot
128.35,hot
126.87,hot
122.97,hot
122.92,hot
122.37,hot
122.81,hot
120.04,hot
120.91,hot
119.41,hot
120.4,hot
123.11,hot
137.99,hot
138.85,hot
137.35,hot
138.38,hot
135.11,hot
132.0,hot
131.45,hot
121.8,hot
124.39,hot
125.23,hot
128.09,hot
129.04,hot
127.91,hot
131.12,hot
132.59,hot
131.32,hot
128.24,hot
127.87,hot
125.63,hot
127.58,hot
127.32,hot
127.27,hot
128.94,hot
127.38,hot
129.42,hot
129.17,hot
129.57,hot
134.95,hot
134.58,hot
132.84,hot
136.56,hot
137.11,hot
55.55,hot
55.02,hot
54.96,hot
55.75,hot
56.18,hot
56.77,hot
59.33,hot
73.68,hot
70.5,hot
68.24,hot
64.75,hot
63.37,hot
60.41,hot
62.71,hot
63.62,hot
62.89,hot
61.1,hot
62.25,hot
59.05,hot
62.03,hot
59.9,hot
56.53,hot
59.28,hot
58.47,hot
59.86,hot
59.16,hot
60.56,hot
58.1,hot
59.57,hot
62.33,hot
65.39,hot
66.23,hot
68.35,hot
67.7,hot
67.53,hot
70.28,hot
71.49,hot
71.62,hot
74.06,hot
78.09,hot
75.04,hot
73.98,hot
73.98,hot
73.63,hot
73.13,hot
72.17,hot
74.16,hot
75.31,hot
78.11,hot
80.49,hot
82.37,hot
82.24,hot
80.04,hot
80.13,hot
82.65,hot
77.01,hot
76.58,hot
88.68,hot
88.34,hot
88.21,hot
88.03,hot
91.25,hot
92.49,hot
93.18,hot
88.21,hot
87.29,hot
86.31,hot
98.34,hot
100.45,hot
96.76,hot
93.86,hot
92.01,hot
90.78,hot
93.18,hot
91.38,hot
79.35,hot
81.23,hot
78.17,hot
74.63,hot
74.67,hot
77.02,hot
74.4,hot
72.72,hot
70.29,hot
70.26,hot
68.05,hot
70.71,hot
67.36,hot
66.49,hot
63.86,hot
69.4,hot
68.9,hot
67.03,hot
68.38,hot
71.37,hot
73.93,hot
54.79,hot
55.59,hot
57.88,hot
58.09,hot
58.95,hot
59.73,hot
56.6,hot
57.41,hot
55.89,hot
54.47,hot
55.31,hot
57.0,hot
58.66,hot
59.41,hot
61.57,hot
61.4,hot
60.47,hot
58.27,hot
57.37,hot
56.56,hot
54.97,hot
57.12,hot
55.97,hot
57.71,hot
60.49,hot
60.07,hot
62.86,hot
67.5,hot
68.16,hot
69.66,hot
70.88,hot
70.22,hot
65.9,hot
115.64,hot
115.73,hot
115.39,hot
117.63,hot
118.49,hot
118.43,hot
129.49,hot
128.9,hot
128.01,hot
123.78,hot
123.76,hot
127.13,hot
125.75,hot
123.18,hot
124.08,hot
124.76,hot
125.48,hot
125.42,hot
124.62,hot
123.88,hot
121.66,hot
119.87,hot
119.8,hot
118.79,hot
120.78,hot
122.55,hot
123.58,hot
122.65,hot
124.35,hot
123.81,hot
122.92,hot
120.79,hot
121.55,hot
121.45,hot
120.58,hot
117.41,hot
118.67,hot
119.43,hot
119.1,hot
119.42,hot
122.49,hot
124.0,hot
123.33,hot
122.62,hot
123.36,hot
123.25,hot
124.09,hot
124.14,hot
120.21,hot
117.07,hot
117.59,hot
119.59,hot
118.76,hot
117.76,hot
116.23,hot
118.99,hot
119.08,hot
119.81,hot
122.54,hot
121.73,hot
117.78,hot
117.37,hot
117.87,hot
116.84,hot
117.13,hot
121.13,hot
123.49,hot
124.19,hot
126.29,hot
124.28,hot
127.73,hot
128.63,hot
129.84,hot
127.92,hot
129.76,hot
130.93,hot
132.15,hot
131.78,hot
132.45,hot
130.57,hot
128.68,hot
126.98,hot
127.44,hot
127.23,hot
109.8,hot
108.91,hot
105.78,hot
105.41,hot
103.98,hot
102.59,hot
100.21,hot
97.48,hot
94.69,hot
94.37,hot
94.5,hot
94.75,hot
96.69,hot
97.13,hot
101.97,hot
98.59,hot
100.18,hot
97.84,hot
100.11,hot
96.46,hot
98.46,hot
97.56,hot
91.75,hot
94.74,hot
94.58,hot
96.05,hot
93.13,hot
92.54,hot
93.96,hot
93.64,hot
93.2,hot
96.04,hot
96.38,hot
99.28,hot
98.3,hot
100.87,hot
97.69,hot
95.68,hot
98.12,hot
97.58,hot
92.71,hot
94.23,hot
92.85,hot
93.18,hot
93.12,hot
91.46,hot
91.87,hot
93.36,hot
93.82,hot
95.37,hot
98.34,hot
144.61,hot
141.82,hot
142.34,hot
140.21,hot
140.42,hot
140.47,hot
140.47,hot
137.72,hot
140.26,hot
137.77,hot
139.62,hot
140.43,hot
141.57,hot
142.87,hot
141.9,hot
142.19,hot
143.74,hot
142.75,hot
143.15,hot
143.8,hot
145.21,hot
141.66,hot
141.06,hot
144.23,hot
145.9,hot
146.64,hot
143.54,hot
143.95,hot
145.6,hot
146.27,hot
146.63,hot
144.72,hot
144.49,hot
142.12,hot
143.77,hot
141.15,hot
137.01,hot
136.6,hot
61.42,hot
61.83,hot
117.03,hot
116.29,hot
115.94,hot
112.87,hot
110.83,hot
109.2,hot
111.25,hot
113.59,hot
112.5,hot
110.0,hot
108.34,hot
109.71,hot
108.57,hot
109.75,hot
110.86,hot
3.63,cold
1.23,cold
4.23,cold
3.42,cold
5.06,cold
2.7,cold
-2.29,cold
76.5,hot
58.54,hot
56.14,hot
57.04,hot
57.55,hot
55.31,hot
55.04,hot
53.48,hot
56.71,hot
58.6,hot
60.54,hot
58.02,hot
58.46,hot
60.4,hot
63.03,hot
61.95,hot
60.18,hot
62.27,hot
63.65,hot
64.75,hot
64.87,hot
65.12,hot
63.99,hot
67.59,hot
62.9,hot
61.67,hot
59.89,hot
57.97,hot
58.75,hot
56.68,hot
54.54,hot
52.97,hot
52.0,hot
51.98,hot
53.67,hot
54.88,hot
52.85,hot
49.33,hot
46.94,hot
46.15,hot
49.02,hot
49.4,hot
45.4,hot
43.99,hot
42.8,hot
43.02,hot
41.32,hot
42.96,hot
44.61,hot
44.69,hot
47.78,hot
48.99,hot
49.48,hot
48.97,hot
50.62,hot
52.51,hot
48.56,hot
47.57,hot
47.82,hot
47.39,hot
48.29,hot
48.71,hot
47.37,hot
45.18,hot
46.14,hot
43.26,hot
40.53,hot
40.43,hot
25.03,normal
22.8,normal
24.78,normal
25.7,normal
26.42,normal
24.34,normal
25.54,normal
25.89,normal
25.01,normal
22.73,normal
22.5,normal
25.7,normal
47.87,hot
48.27,hot
46.55,hot
45.46,hot
45.31,hot
47.94,hot
47.38,hot
47.63,hot
52.64,hot
51.67,hot
52.62,hot
47.18,hot
45.47,hot
44.92,hot
46.96,hot
44.37,hot
44.82,hot
47.06,hot
47.13,hot
45.42,hot
43.23,hot
41.98,hot
42.55,hot
42.35,hot
40.29,hot
39.26,hot
37.94,hot
37.54,hot
34.7,hot
35.15,hot
32.6,hot
30.43,hot
28.76,normal
129.53,hot
132.44,hot
136.2,hot
131.31,hot
131.3,hot
130.58,hot
127.77,hot
132.32,hot
132.99,hot
135.48,hot
132.93,hot
106.02,hot
104.05,hot
101.07,hot
101.36,hot
98.35,hot
100.03,hot
99.07,hot
100.1,hot
97.44,hot
98.7,hot
99.76,hot
98.22,hot
53.54,hot
69.36,hot
67.75,hot
67.82,hot
86.12,hot
105.89,hot
106.42,hot
103.85,hot
105.85,hot
106.65,hot
89.33,hot
93.2,hot
91.5,hot
89.36,hot
90.21,hot
94.19,hot
95.05,hot
95.32,hot
96.01,hot
96.1,hot
95.03,hot
108.05,hot
109.79,hot
108.48,hot
111.71,hot
114.69,hot
114.19,hot
114.75,hot
116.73,hot
117.62,hot
109.34,hot
110.82,hot
108.3,hot
107.49,hot
107.18,hot
106.37,hot
107.85,hot
109.76,hot
108.74,hot
107.54,hot
103.43,hot
103.97,hot
88.94,hot
89.19,hot
90.4,hot
88.25,hot
86.66,hot
83.71,hot
86.74,hot
68.37,hot
65.88,hot
64.44,hot
64.68,hot
62.42,hot
62.16,hot
61.05,hot
57.05,hot
54.71,hot
51.33,hot
34.45,hot
34.49,hot
31.75,hot
30.49,hot
30.09,hot
61.64,hot
61.87,hot
63.58,hot
63.6,hot
61.69,hot
61.21,hot
63.42,hot
60.92,hot
61.42,hot
61.78,hot
58.44,hot
57.36,hot
58.33,hot
58.72,hot
58.04,hot
57.59,hot
55.61,hot
54.63,hot
52.1,hot
50.12,hot
48.48,hot
50.8,hot
49.81,hot
47.9,hot
51.7,hot
52.49,hot
49.81,hot
51.03,hot
49.06,hot
28.29,normal
26.57,normal
29.17,normal
29.93,normal
32.14,hot
28.26,normal
28.51,normal
28.39,normal
28.23,normal
29.89,normal
26.15,normal
24.1,normal
21.7,normal
21.21,normal
23.33,normal
17.75,normal
16.85,normal
19.77,normal
15.11,normal
16.32,normal
15.53,normal
13.45,normal
11.71,normal
9.53,cold
10.32,normal
8.76,cold
13.18,normal
12.78,normal
13.04,normal
14.82,normal
11.65,normal
9.37,cold
7.93,cold
26.22,normal
26.17,normal
22.72,normal
22.28,normal
20.67,normal
20.52,normal
21.64,normal
20.71,normal
19.23,normal
20.94,normal
16.11,normal
17.03,normal
13.02,normal
10.9,normal
10.39,normal
12.16,normal
13.94,normal
-9.8,cold
-7.2,cold
-8.63,cold
-9.29,cold
-12.35,cold
-13.27,cold
-13.33,cold
-14.91,cold
-14.46,cold
-15.19,cold
-18.24,cold
-19.94,cold
-17.03,cold
-15.68,cold
-18.04,cold
-15.23,cold
-14.74,cold
-11.05,cold
-9.22,cold
-10.97,cold
-12.81,cold
-10.6,cold
-10.24,cold
-10.6,cold
-9.04,cold
-6.62,cold
-7.63,cold
-6.26,cold
-8.41,cold
-7.37,cold
-11.54,cold
-10.36,cold
-11.77,cold
-9.42,cold
-5.19,cold
-5.1,cold
-3.6,cold
-3.55,cold
-3.41,cold
-4.28,cold
-7.24,cold
-10.38,cold
-9.71,cold
-25.76,cold
-30.0,cold
-30.0,cold
-30.0,cold
-26.64,cold
-45.44,cold
-30.0,cold
-30.0,cold
-30.0,cold
-30.0,cold
-29.18,cold
-30.0,cold
-26.89,cold
-25.02,cold
-22.55,cold
-19.39,cold
-20.14,cold
-20.75,cold
-23.24,cold
-26.5,cold
-23.34,cold
-21.51,cold
-22.03,cold
-23.02,cold
-26.83,cold
-27.8,cold
-28.94,cold
-27.91,cold
-29.06,cold
-29.08,cold
-29.28,cold
-28.85,cold
-28.86,cold
-25.45,cold
-27.68,cold
-28.24,cold
-25.37,cold
-24.8,cold
-26.18,cold
-27.55,cold
-28.65,cold
-29.84,cold
-30.0,cold
-28.82,cold
-29.58,cold
-29.99,cold
-30.0,cold
-28.61,cold
-27.97,cold
-30.0,cold
-30.0,cold
-30.0,cold
-29.64,cold
-30.0,cold
-28.62,cold
-27.4,cold
33.92,hot
35.89,hot
37.34,hot
35.41,hot
36.82,hot
34.11,hot
35.78,hot
54.75,hot
57.6,hot
57.35,hot
50.29,hot
49.75,hot
48.04,hot
46.29,hot
49.4,hot
46.17,hot
41.41,hot
39.94,hot
40.73,hot
40.94,hot
37.33,hot
37.53,hot
40.99,hot
36.12,hot
35.56,hot
34.5,hot
31.16,hot
29.55,normal
31.68,hot
32.89,hot
34.96,hot
32.21,hot
34.83,hot
32.49,hot
31.94,hot
19.24,normal
21.43,normal
22.94,normal
24.54,normal
27.8,normal
28.69,normal
31.06,hot
32.19,hot
31.32,hot
32.85,hot
34.09,hot
34.46,hot
45.47,hot
41.97,hot
44.23,hot
45.34,hot
43.38,hot
42.4,hot
41.87,hot
44.08,hot
39.13,hot
38.22,hot
38.67,hot
50.84,hot
51.09,hot
48.2,hot
48.4,hot
6.04,cold
3.51,cold
1.75,cold
-8.87,cold
-8.54,cold
-10.03,cold
-10.04,cold
-8.32,cold
-8.69,cold
-4.35,cold
-3.58,cold
-3.58,cold
143.77,hot
142.42,hot
140.68,hot
138.06,hot
137.7,hot
135.94,hot
134.41,hot
136.35,hot
137.1,hot
135.04,hot
138.15,hot
136.06,hot
135.35,hot
137.77,hot
141.02,hot
140.69,hot
141.15,hot
138.26,hot
140.7,hot
144.18,hot
142.98,hot
67.42,hot
67.19,hot
68.17,hot
69.0,hot
69.11,hot
67.07,hot
64.9,hot
65.63,hot
67.96,hot
66.88,hot
66.51,hot
63.86,hot
66.55,hot
60.59,hot
62.41,hot
60.33,hot
62.56,hot
65.21,hot
63.27,hot
60.73,hot
62.66,hot
60.29,hot
59.64,hot
58.92,hot
59.28,hot
58.35,hot
56.27,hot
57.92,hot
54.47,hot
53.78,hot
55.48,hot
57.29,hot
54.39,hot
55.29,hot
54.11,hot
55.46,hot
56.62,hot
57.9,hot
57.13,hot
56.98,hot
53.66,hot
-29.69,cold
-26.69,cold
-28.58,cold
-27.27,cold
-27.12,cold
-30.0,cold
-26.93,cold
-27.72,cold
-27.85,cold
-25.52,cold
-25.78,cold
-27.39,cold
-27.39,cold
-30.0,cold
-30.0,cold
-30.0,cold
-27.17,cold
-25.13,cold
-24.38,cold
-34.71,cold
-29.95,cold
-28.79,cold
-30.0,cold
-29.52,cold
-30.0,cold
-30.0,cold
-27.05,cold
-12.59,cold
-12.48,cold
-12.87,cold
-15.76,cold
-17.59,cold
-19.17,cold
-21.29,cold
-25.22,cold
-26.17,cold
-28.74,cold
-29.37,cold
-30.0,cold
-30.0,cold
-28.76,cold
-26.51,cold
-25.68,cold
-25.06,cold
-24.38,cold
-6.31,cold
-9.65,cold
-8.23,cold
120.05,hot
122.88,hot
129.64,hot
130.67,hot
130.51,hot
129.48,hot
129.7,hot
128.79,hot
126.11,hot
127.19,hot
127.3,hot
128.56,hot
126.84,hot
141.38,hot
140.93,hot
142.23,hot
140.7,hot
137.11,hot
137.09,hot
139.04,hot
140.0,hot
139.95,hot
141.65,hot
143.16,hot
144.37,hot
143.81,hot
144.86,hot
140.08,hot
136.79,hot
135.18,hot
133.9,hot
131.74,hot
130.2,hot
133.24,hot
135.01,hot
134.24,hot
133.64,hot
135.32,hot
134.86,hot
134.18,hot
134.02,hot
135.15,hot
130.79,hot
130.68,hot
131.42,hot
131.46,hot
128.69,hot
129.88,hot
128.72,hot
127.01,hot
130.84,hot
132.5,hot
131.35,hot
128.33,hot
127.84,hot
128.09,hot
127.16,hot
130.01,hot
127.45,hot
125.0,hot
123.81,hot
123.76,hot
122.13,hot
122.49,hot
125.02,hot
124.9,hot
123.95,hot
122.62,hot
123.8,hot
126.32,hot
128.69,hot
130.81,hot
130.73,hot
133.8,hot
136.43,hot
130.61,hot
131.19,hot
131.98,hot
130.72,hot
127.58,hot
128.83,hot
131.57,hot
131.94,hot
134.53,hot
137.04,hot
136.86,hot
137.72,hot
138.74,hot
139.08,hot
136.79,hot
137.16,hot
136.66,hot
138.65,hot
138.14,hot
137.07,hot
138.01,hot
137.14,hot
138.07,hot
137.45,hot
67.37,hot
69.01,hot
69.3,hot
69.05,hot
67.82,hot
70.11,hot
66.95,hot
67.45,hot
69.67,hot
53.07,hot
56.99,hot
58.6,hot
58.01,hot
55.07,hot
50.5,hot
50.75,hot
47.93,hot
53.75,hot
42.93,hot
42.51,hot
43.73,hot
46.75,hot
56.35,hot
53.44,hot
57.65,hot
57.49,hot
59.05,hot
58.03,hot
59.66,hot
56.14,hot
57.11,hot
57.77,hot
50.26,hot
38.42,hot
38.98,hot
39.03,hot
36.82,hot
39.57,hot
39.74,hot
38.4,hot
39.47,hot
42.16,hot
42.88,hot
45.17,hot
44.48,hot
44.51,hot
46.78,hot
44.77,hot
52.2,hot
50.21,hot
49.76,hot
51.47,hot
52.95,hot
53.66,hot
50.99,hot
51.46,hot
52.53,hot
46.16,hot
44.65,hot
46.4,hot
30.39,hot
30.99,hot
27.68,normal
26.48,normal
28.95,normal
29.09,normal
30.73,hot
30.35,hot
28.27,normal
29.43,normal
30.36,hot
29.66,normal
25.62,normal
21.95,normal
21.07,normal
24.28,normal
25.64,normal
28.79,normal
28.83,normal
25.1,normal
23.58,normal
24.91,normal
24.02,normal
26.17,normal
27.91,normal
27.34,normal
30.48,hot
30.72,hot
32.04,hot
29.8,normal
31.44,hot
30.34,hot
29.11,normal
29.07,normal
29.76,normal
30.96,hot
29.01,normal
31.08,hot
28.46,normal
30.92,hot
31.79,hot
31.01,hot
31.07,hot
30.72,hot
28.46,normal
31.81,hot
31.42,hot
31.03,hot
35.13,hot
34.47,hot
28.33,normal
27.97,normal
26.54,normal
25.77,normal
25.28,normal
26.55,normal
24.06,normal
25.15,normal
21.53,normal
22.04,normal
19.41,normal
17.2,normal
9.0,cold
10.02,normal
11.98,normal
12.01,normal
10.93,normal
13.22,normal
13.02,normal
11.13,normal
9.28,cold
12.68,normal
11.28,normal
11.97,normal
10.68,normal
8.43,cold
10.04,normal
4.96,cold
7.89,cold
8.6,cold
5.97,cold
6.44,cold
6.24,cold
91.23,hot
90.0,hot
90.53,hot
87.63,hot
86.3,hot
83.55,hot
84.26,hot
88.73,hot
90.02,hot
91.46,hot
96.55,hot
99.97,hot
99.16,hot
97.27,hot
97.12,hot
98.8,hot
98.14,hot
98.06,hot
97.32,hot
96.5,hot
96.54,hot
95.5,hot
94.31,hot
95.37,hot
93.11,hot
98.01,hot
102.09,hot
101.93,hot
101.41,hot
96.74,hot
96.54,hot
98.16,hot
100.2,hot
99.27,hot
98.93,hot
99.41,hot
98.26,hot
95.61,hot
85.63,hot
84.96,hot
86.37,hot
87.99,hot
85.9,hot
86.81,hot
90.16,hot
82.35,hot
80.74,hot
99.57,hot
98.85,hot
57.96,hot
59.28,hot
59.74,hot
56.47,hot
54.63,hot
50.4,hot
52.62,hot
58.58,hot
62.62,hot
61.71,hot
76.45,hot
76.79,hot
77.75,hot
78.32,hot
77.71,hot
80.06,hot
79.01,hot
78.24,hot
79.11,hot
76.8,hot
74.58,hot
76.73,hot
78.36,hot
80.72,hot
78.47,hot
77.15,hot
77.49,hot
80.61,hot
81.93,hot
81.78,hot
81.94,hot
78.08,hot
77.42,hot
77.42,hot
78.03,hot
79.06,hot
82.9,hot
83.81,hot
85.96,hot
84.64,hot
84.99,hot
82.37,hot
83.33,hot
85.93,hot
83.76,hot
86.2,hot
85.33,hot
85.43,hot
85.68,hot
84.47,hot
87.14,hot
87.76,hot
88.85,hot
113.04,hot
111.51,hot
109.34,hot
109.55,hot
110.05,hot
108.72,hot
110.57,hot
107.98,hot
109.61,hot
124.31,hot
120.42,hot
120.24,hot
117.23,hot
117.52,hot
113.48,hot
113.82,hot
113.39,hot
113.93,hot
115.24,hot
116.78,hot
116.12,hot
114.89,hot
117.14,hot
120.34,hot
118.78,hot
120.07,hot
118.39,hot
117.03,hot
120.3,hot
121.18,hot
124.83,hot
125.66,hot
126.91,hot
128.56,hot
126.17,hot
121.31,hot
119.54,hot
119.83,hot
119.22,hot
120.36,hot
109.07,hot
108.41,hot
106.57,hot
108.27,hot
106.97,hot
106.31,hot
105.32,hot
105.41,hot
106.45,hot
105.46,hot
-29.34,cold
-28.17,cold
-28.77,cold
-29.63,cold
-30.0,cold
-30.0,cold
-30.0,cold
-41.56,cold
-26.44,cold
-29.62,cold
-30.0,cold
-27.42,cold
-27.48,cold
-28.78,cold
-28.54,cold
-30.0,cold
-30.0,cold
-30.0,cold
-28.77,cold
-28.05,cold
-29.11,cold
-27.25,cold
-44.1,cold
-30.0,cold
-29.07,cold
-30.0,cold
-30.0,cold
-30.0,cold
-30.0,cold
-29.82,cold
-26.58,cold
-28.98,cold
-30.0,cold
-30.0,cold
-30.0,cold
-30.0,cold
-30.0,cold
-30.0,cold
-27.66,cold
-25.69,cold
-25.07,cold
-24.29,cold
-27.52,cold
-26.71,cold
-26.2,cold
-26.83,cold
-26.47,cold
-24.61,cold
-21.42,cold
-20.14,cold
-22.05,cold
-21.15,cold
-22.0,cold
-22.07,cold
-21.23,cold
-24.44,cold
-20.95,cold
-23.28,cold
-27.26,cold
-27.2,cold
-26.86,cold
-30.0,cold
-30.0,cold
-28.74,cold
-29.16,cold
-30.0,cold
-30.0,cold
-30.0,cold
-30.0,cold
-30.0,cold
-30.0,cold
-30.0,cold
-30.0,cold
-33.75,cold
-30.0,cold
-30.0,cold
-28.75,cold
-30.0,cold
-30.0,cold
-25.95,cold
-27.7,cold
-28.6,cold
-28.43,cold
-29.8,cold
-28.43,cold
-30.0,cold
-26.19,cold
-25.97,cold
-25.07,cold
-27.01,cold
-24.74,cold
-26.42,cold
-22.15,cold
-21.93,cold
-22.23,cold
-25.27,cold
-27.39,cold
-30.0,cold
-30.0,cold
-28.98,cold
-25.18,cold
-25.08,cold
-24.25,cold
-24.91,cold
-24.21,cold
-21.64,cold
-22.36,cold
-20.49,cold
-18.95,cold
-17.37,cold
-18.76,cold
-21.76,cold
-22.03,cold
-22.16,cold
-22.35,cold
-22.71,cold
-23.82,cold
-25.35,cold
-26.99,cold
-28.6,cold
-27.9,cold
-26.13,cold
-24.26,cold
-24.79,cold
-22.31,cold
-9.25,cold
-9.91,cold
-13.97,cold
-15.37,cold
-17.7,cold
-20.26,cold
-22.27,cold
-22.01,cold
-26.74,cold
-23.53,cold
-24.29,cold
-29.56,cold
-30.0,cold
-29.96,cold
-29.99,cold
-30.0,cold
-27.28,cold
-25.88,cold
-29.23,cold
-28.84,cold
-30.0,cold
-30.0,cold
-27.48,cold
-25.59,cold
-24.77,cold
-20.49,cold
-23.79,cold
-25.21,cold
-26.08,cold
-7.18,cold
-3.2,cold
0.43,cold
1.08,cold
-0.38,cold
1.06,cold
3.08,cold
0.84,cold
-2.81,cold
-4.32,cold
-3.58,cold
-2.95,cold
5.16,cold
5.78,cold
3.86,cold
4.13,cold
0.95,cold
2.63,cold
-1.4,cold
0.79,cold
-0.16,cold
3.26,cold
6.77,cold
8.32,cold
10.78,normal
11.88,normal
9.07,cold
10.89,normal
2.93,cold
3.14,cold
2.19,cold
3.55,cold
1.61,cold
5.19,cold
1.93,cold
3.37,cold
1.92,cold
0.7,cold
2.58,cold
3.04,cold
9.91,cold
8.68,cold
11.33,normal
12.8,normal
101.72,hot
97.57,hot
71.24,hot
66.97,hot
67.01,hot
68.18,hot
67.36,hot
40.25,hot
37.75,hot
39.32,hot
36.06,hot
32.52,hot
33.82,hot
33.9,hot
40.23,hot
15.25,normal
17.12,normal
14.06,normal
14.27,normal
15.43,normal
14.92,normal
15.69,normal
18.32,normal
20.24,normal
23.2,normal
24.64,normal
25.0,normal
28.65,normal
25.46,normal
26.94,normal
29.48,normal
31.58,hot
30.24,hot
29.28,normal
31.51,hot
30.92,hot
29.29,normal
30.92,hot
28.89,normal
30.34,hot
28.9,normal
26.5,normal
24.9,normal
21.28,normal
17.33,normal
15.04,normal
14.33,normal
12.05,normal
11.31,normal
9.93,cold
6.91,cold
6.07,cold
10.16,normal
8.21,cold
8.6,cold
9.35,cold
13.65,normal
17.22,normal
14.32,normal
16.39,normal
19.33,normal
16.28,normal
20.38,normal
21.63,normal
19.49,normal
18.76,normal
107.37,hot
107.66,hot
112.46,hot
113.52,hot
114.08,hot
114.99,hot
115.0,hot
113.73,hot
115.79,hot
109.62,hot
112.04,hot
111.09,hot
111.99,hot
109.72,hot
109.92,hot
110.0,hot
110.22,hot
107.37,hot
103.67,hot
123.32,hot
125.86,hot
126.52,hot
130.01,hot
129.89,hot
128.05,hot
128.0,hot
130.11,hot
129.12,hot
130.0,hot
130.0,hot
131.22,hot
8.79,cold
6.31,cold
7.62,cold
9.67,cold
6.12,cold
9.9,cold
7.45,cold
6.02,cold
6.45,cold
9.08,cold
13.63,normal
14.65,normal
13.48,normal
16.64,normal
17.65,normal
21.05,normal
20.79,normal
20.5,normal
21.03,normal
23.87,normal
20.91,normal
25.82,normal
27.9,normal
27.9,normal
29.6,normal
29.74,normal
29.94,normal
30.32,hot
29.82,normal
33.78,hot
33.2,hot
31.74,hot
31.76,hot
32.05,hot
29.07,normal
29.65,normal
31.2,hot
30.86,hot
32.53,hot
24.4,normal
22.17,normal
41.14,hot
42.23,hot
42.42,hot
44.26,hot
44.13,hot
45.1,hot
46.32,hot
40.16,hot
40.23,hot
38.78,hot
38.84,hot
21.01,normal
28.34,normal
30.74,hot
31.25,hot
29.22,normal
29.8,normal
30.43,hot
27.91,normal
38.24,hot
38.3,hot
51.51,hot
50.63,hot
47.13,hot
49.41,hot
50.38,hot
50.52,hot
52.87,hot
52.93,hot
49.56,hot
50.39,hot
50.26,hot
49.78,hot
49.8,hot
50.95,hot
50.59,hot
53.34,hot
51.17,hot
52.08,hot
52.42,hot
53.01,hot
52.79,hot
51.71,hot
54.97,hot
55.99,hot
45.13,hot
41.92,hot
41.33,hot
41.13,hot
40.43,hot
41.15,hot
40.91,hot
38.42,hot
38.21,hot
39.76,hot
41.47,hot
43.04,hot
41.35,hot
38.85,hot
40.31,hot
41.14,hot
32.74,hot
33.91,hot
33.26,hot
32.8,hot
31.26,hot
31.79,hot
31.17,hot
30.81,hot
32.97,hot
33.9,hot
36.44,hot
36.99,hot
35.92,hot
37.61,hot
36.73,hot
32.8,hot
31.46,hot
32.04,hot
37.27,hot
40.77,hot
44.4,hot
44.43,hot
43.42,hot
57.33,hot
57.95,hot
57.14,hot
59.08,hot
57.96,hot
57.14,hot
55.59,hot
56.15,hot
56.55,hot
53.2,hot
54.73,hot
53.88,hot
54.65,hot
56.67,hot
57.13,hot
57.96,hot
58.51,hot
59.97,hot
58.17,hot
56.72,hot
54.48,hot
54.95,hot
56.05,hot
53.42,hot
55.32,hot
56.58,hot
58.58,hot
59.36,hot
59.4,hot
57.04,hot
59.0,hot
58.02,hot
60.38,hot
63.93,hot
3.85,cold
9.38,cold
5.84,cold
4.43,cold
0.66,cold
-0.09,cold
1.11,cold
-0.61,cold
-0.45,cold
-2.35,cold
-6.03,cold
-8.56,cold
-7.12,cold
-6.08,cold
-7.92,cold
-4.89,cold
-4.81,cold
-5.79,cold
-3.06,cold
-2.43,cold
-0.61,cold
0.98,cold
1.12,cold
-0.52,cold
0.2,cold
-2.24,cold
-1.04,cold
0.44,cold
1.32,cold
-2.26,cold
-6.72,cold
-5.97,cold
-6.56,cold
-7.36,cold
-7.32,cold
-11.41,cold
-8.72,cold
-9.18,cold
-8.84,cold
-8.44,cold
-16.22,cold
-17.25,cold
-17.18,cold
-14.11,cold
80.42,hot
82.32,hot
82.77,hot
85.51,hot
83.23,hot
17.43,normal
19.25,normal
21.43,normal
25.03,normal
23.93,normal
22.01,normal
22.88,normal
23.92,normal
26.22,normal
23.87,normal
32.4,hot
34.0,hot
32.83,hot
34.72,hot
36.36,hot
35.45,hot
40.07,hot
40.63,hot
41.38,hot
43.42,hot
45.06,hot
44.87,hot
41.13,hot
40.18,hot
38.99,hot
43.43,hot
44.64,hot
44.23,hot
44.12,hot
43.28,hot
43.46,hot
44.9,hot
44.7,hot
43.98,hot
43.48,hot
41.63,hot
41.82,hot
41.49,hot
40.22,hot
147.39,hot
145.9,hot
145.32,hot
135.68,hot
136.34,hot
137.7,hot
136.85,hot
133.16,hot
127.61,hot
131.75,hot
132.5,hot
132.09,hot
130.29,hot
131.36,hot
135.31,hot
136.36,hot
141.75,hot
139.85,hot
143.28,hot
144.13,hot
142.71,hot
138.0,hot
138.6,hot
134.13,hot
135.96,hot
137.3,hot
136.82,hot
135.06,hot
136.0,hot
134.3,hot
134.77,hot
133.92,hot
133.97,hot
134.29,hot
134.31,hot
137.82,hot
139.48,hot
136.92,hot
135.64,hot
137.03,hot
135.64,hot
40.49,hot
40.4,hot
33.27,hot
31.92,hot
34.57,hot
34.75,hot
33.95,hot
35.5,hot
39.54,hot
43.84,hot
29.63,normal
32.27,hot
32.18,hot
32.6,hot
31.8,hot
34.22,hot
34.71,hot
28.8,normal
27.75,normal
34.32,hot
44.16,hot
42.9,hot
43.6,hot
40.74,hot
42.39,hot
43.22,hot
43.38,hot
41.41,hot
39.39,hot
39.91,hot
39.25,hot
41.88,hot
128.4,hot
129.67,hot
130.48,hot
128.19,hot
126.64,hot
127.64,hot
129.04,hot
128.21,hot
132.97,hot
136.64,hot
135.26,hot
153.9,hot
150.0,hot
150.0,hot
148.5,hot
150.0,hot
148.17,hot
147.13,hot
149.3,hot
148.26,hot
150.0,hot
144.18,hot
145.22,hot
130.95,hot
134.47,hot
131.83,hot
133.18,hot
132.03,hot
132.53,hot
129.65,hot
129.24,hot
130.62,hot
127.64,hot
128.94,hot
127.83,hot
125.96,hot
127.38,hot
122.29,hot
120.27,hot
140.36,hot
141.21,hot
140.83,hot
137.51,hot
135.75,hot
135.59,hot
136.95,hot
137.1,hot
137.37,hot
133.57,hot
135.51,hot
133.67,hot
130.33,hot
129.04,hot
125.12,hot
125.84,hot
126.54,hot
126.85,hot
126.95,hot
129.12,hot
129.08,hot
128.27,hot
130.13,hot
129.85,hot
128.74,hot
126.28,hot
126.47,hot
127.82,hot
127.57,hot
126.49,hot
127.74,hot
130.03,hot
132.81,hot
129.79,hot
126.29,hot
129.89,hot
131.61,hot
131.02,hot
130.97,hot
130.59,hot
127.83,hot
123.95,hot
124.52,hot
127.93,hot
127.57,hot
130.39,hot
124.86,hot
114.24,hot
117.68,hot
118.36,hot
119.33,hot
121.48,hot
119.73,hot
117.21,hot
115.62,hot
116.96,hot
116.88,hot
115.43,hot
115.19,hot
117.17,hot
120.1,hot
121.94,hot
124.04,hot
125.82,hot
127.6,hot
128.49,hot
129.45,hot
130.37,hot
126.69,hot
123.52,hot
121.99,hot
123.28,hot
123.95,hot
126.12,hot
130.05,hot
129.35,hot
128.05,hot
125.4,hot
126.72,hot
122.59,hot
115.64,hot
116.11,hot
114.58,hot
111.11,hot
107.82,hot
108.08,hot
108.56,hot
108.97,hot
110.08,hot
108.18,hot
104.29,hot
101.34,hot
100.76,hot
101.57,hot
100.99,hot
100.74,hot
103.23,hot
104.93,hot
100.97,hot
99.89,hot
101.5,hot
102.7,hot
99.96,hot
100.6,hot
100.14,hot
100.99,hot
99.64,hot
97.8,hot
97.34,hot
98.77,hot
101.78,hot
102.46,hot
103.91,hot
100.29,hot
103.84,hot
105.22,hot
103.35,hot
106.21,hot
109.69,hot
109.49,hot
112.54,hot
113.68,hot
113.18,hot
112.7,hot
112.13,hot
111.03,hot
109.92,hot
108.95,hot
111.04,hot
109.52,hot
109.67,hot
111.06,hot
109.06,hot
109.89,hot
108.1,hot
108.97,hot
108.18,hot
107.73,hot
103.49,hot
101.86,hot
103.33,hot
105.99,hot
106.1,hot
110.43,hot
110.23,hot
112.51,hot
111.56,hot
110.33,hot
111.99,hot
108.73,hot
104.17,hot
104.2,hot
103.19,hot
100.65,hot
100.71,hot
103.87,hot
102.05,hot
100.22,hot
98.23,hot
83.44,hot
81.86,hot
81.3,hot
83.2,hot
82.27,hot
82.91,hot
85.28,hot
85.36,hot
102.52,hot
101.03,hot
102.06,hot
98.79,hot
113.42,hot
113.94,hot
114.02,hot
113.13,hot
115.09,hot
114.93,hot
115.16,hot
115.53,hot
113.97,hot
111.1,hot
107.81,hot
110.45,hot
107.22,hot
105.77,hot
106.65,hot
107.06,hot
104.69,hot
106.05,hot
103.73,hot
101.76,hot
102.39,hot
99.72,hot
98.4,hot
98.72,hot
100.44,hot
101.1,hot
102.11,hot
101.6,hot
104.62,hot
106.62,hot
106.71,hot
104.63,hot
107.58,hot
111.24,hot
115.7,hot
114.82,hot
117.09,hot
116.67,hot
115.61,hot
114.28,hot
101.96,hot
97.99,hot
96.95,hot
99.01,hot
97.17,hot
99.66,hot
97.35,hot
90.85,hot
95.07,hot
95.98,hot
96.36,hot
98.02,hot
99.62,hot
100.46,hot
99.11,hot
98.3,hot
96.7,hot
95.31,hot
96.46,hot
95.53,hot
94.32,hot
92.18,hot
94.11,hot
96.3,hot
93.41,hot
90.37,hot
93.67,hot
91.1,hot
89.97,hot
89.54,hot
88.96,hot
90.71,hot
92.69,hot
93.44,hot
94.18,hot
94.1,hot
96.66,hot
94.23,hot
92.56,hot
93.53,hot
94.79,hot
96.18,hot
91.34,hot
93.67,hot
93.38,hot
95.41,hot
96.66,hot
95.27,hot
96.14,hot
96.47,hot
100.44,hot
102.19,hot
100.46,hot
100.21,hot
99.23,hot
100.32,hot
102.09,hot
101.39,hot
101.44,hot
101.48,hot
98.45,hot
100.45,hot
100.45,hot
96.31,hot
112.39,hot
113.42,hot
112.1,hot
110.68,hot
112.05,hot
108.33,hot
106.8,hot
108.45,hot
109.41,hot
111.61,hot
109.93,hot
107.16,hot
106.92,hot
106.86,hot
107.31,hot
107.71,hot
105.79,hot
108.36,hot
108.45,hot
109.32,hot
109.55,hot
108.38,hot
107.64,hot
109.48,hot
109.22,hot
109.87,hot
111.6,hot
109.29,hot
109.47,hot
109.8,hot
111.79,hot
111.49,hot
109.26,hot
107.88,hot
104.29,hot
102.79,hot
103.97,hot
102.87,hot
103.4,hot
98.74,hot
98.25,hot
99.27,hot
100.86,hot
100.14,hot
96.35,hot
98.34,hot
102.06,hot
99.54,hot
101.18,hot
97.86,hot
98.04,hot
97.87,hot
101.75,hot
100.25,hot
100.1,hot
104.69,hot
108.12,hot
111.86,hot
111.85,hot
111.74,hot
110.74,hot
111.31,hot
111.23,hot
111.85,hot
113.14,hot
115.25,hot
114.58,hot
100.67,hot
100.03,hot
96.72,hot
96.74,hot
125.77,hot
127.6,hot
130.58,hot
128.25,hot
143.73,hot
142.09,hot
140.74,hot
137.86,hot
138.08,hot
137.72,hot
138.56,hot
21.87,normal
19.89,normal
19.47,normal
22.09,normal
137.68,hot
139.22,hot
139.42,hot
149.28,hot
149.52,hot
150.0,hot
150.0,hot
167.09,hot
150.0,hot
150.0,hot
150.0,hot
149.27,hot
146.74,hot
141.78,hot
139.51,hot
139.55,hot
141.91,hot
140.3,hot
140.85,hot
140.08,hot
140.72,hot
138.97,hot
139.45,hot
138.4,hot
153.56,hot
150.0,hot
150.0,hot
146.49,hot
145.93,hot
147.33,hot
147.64,hot
144.99,hot
147.99,hot
149.93,hot
150.0,hot
150.0,hot
150.0,hot
148.18,hot
146.09,hot
150.0,hot
146.42,hot
145.12,hot
144.77,hot
142.11,hot
141.74,hot
144.28,hot
144.61,hot
145.87,hot
146.99,hot
147.04,hot
147.68,hot
148.63,hot
144.69,hot
144.52,hot
143.41,hot
144.92,hot
147.52,hot
150.0,hot
147.06,hot
147.08,hot
144.55,hot
143.45,hot
141.39,hot
143.29,hot
144.26,hot
146.75,hot
147.68,hot
135.61,hot
134.85,hot
136.37,hot
138.84,hot
137.75,hot
134.96,hot
131.79,hot
128.29,hot
129.56,hot
132.1,hot
132.08,hot
129.68,hot
131.44,hot
129.64,hot
132.04,hot
132.74,hot
132.72,hot
122.02,hot
120.44,hot
120.61,hot
121.19,hot
122.44,hot
124.86,hot
124.75,hot
122.49,hot
123.62,hot
126.01,hot
125.25,hot
126.16,hot
127.55,hot
127.36,hot
127.28,hot
130.31,hot
130.69,hot
132.85,hot
133.12,hot
135.01,hot
134.77,hot
137.47,hot
138.37,hot
143.97,hot
143.97,hot
144.11,hot
140.37,hot
141.53,hot
137.12,hot
138.16,hot
138.6,hot
138.15,hot
138.11,hot
137.6,hot
136.39,hot
136.46,hot
138.5,hot
139.99,hot
139.75,hot
137.76,hot
141.85,hot
141.32,hot
139.99,hot
141.21,hot
140.52,hot
137.95,hot
127.39,hot
126.63,hot
128.36,hot
128.45,hot
125.79,hot
124.06,hot
120.75,hot
118.76,hot
119.69,hot
120.47,hot
123.96,hot
114.53,hot
115.46,hot
113.86,hot
117.29,hot
118.13,hot
117.72,hot
111.86,hot
115.81,hot
113.97,hot
114.3,hot
116.21,hot
131.01,hot
132.49,hot
132.3,hot
129.85,hot
127.18,hot
126.62,hot
128.27,hot
131.29,hot
130.79,hot
132.28,hot
130.42,hot
131.89,hot
132.93,hot
132.38,hot
131.81,hot
135.12,hot
134.11,hot
135.67,hot
135.11,hot
137.83,hot
136.4,hot
137.64,hot
138.98,hot
137.23,hot
136.07,hot
130.91,hot
131.34,hot
129.87,hot
128.3,hot
128.9,hot
131.27,hot
131.7,hot
128.49,hot
38.52,hot
38.46,hot
36.33,hot
36.2,hot
38.21,hot
41.58,hot
40.63,hot
42.0,hot
37.44,hot
35.22,hot
35.01,hot
33.97,hot
35.18,hot
32.23,hot
32.12,hot
32.85,hot
42.32,hot
41.61,hot
42.0,hot
39.12,hot
37.69,hot
38.46,hot
37.93,hot
31.33,hot
33.55,hot
35.56,hot
37.52,hot
37.29,hot
38.0,hot
38.21,hot
35.46,hot
34.67,hot
32.67,hot
30.26,hot
32.01,hot
31.39,hot
26.58,normal
27.47,normal
26.69,normal
28.25,normal
26.44,normal
26.97,normal
28.18,normal
29.68,normal
29.63,normal
28.06,normal
28.16,normal
27.73,normal
28.45,normal
24.81,normal
24.8,normal
27.61,normal
25.25,normal
26.95,normal
27.61,normal
24.18,normal
21.99,normal
21.27,normal
8.44,cold
25.08,normal
22.27,normal
21.1,normal
21.53,normal
21.76,normal
23.15,normal
18.94,normal
17.16,normal
13.26,normal
11.79,normal
11.77,normal
13.13,normal
17.89,normal
16.65,normal
17.24,normal
16.75,normal
17.86,normal
17.58,normal
15.91,normal
14.01,normal
14.16,normal
11.88,normal
10.57,normal
13.75,normal
14.84,normal
16.66,normal
15.01,normal
16.74,normal
17.93,normal
20.67,normal
15.87,normal
17.12,normal
17.18,normal
18.05,normal
18.68,normal
19.91,normal
20.49,normal
23.45,normal
25.33,normal
16.09,normal
16.82,normal
16.66,normal
18.63,normal
21.41,normal
20.7,normal
20.67,normal
11.04,normal
8.52,cold
8.08,cold
11.5,normal
11.24,normal
10.35,normal
10.19,normal
7.32,cold
8.42,cold
3.79,cold
5.04,cold
4.41,cold
4.87,cold
1.92,cold
2.81,cold
0.76,cold
2.79,cold
15.2,normal
15.27,normal
14.21,normal
13.4,normal
15.05,normal
16.54,normal
20.04,normal
16.92,normal
16.86,normal
19.72,normal
19.86,normal
23.72,normal
22.38,normal
31.34,hot
33.54,hot
37.3,hot
35.08,hot
33.07,hot
31.94,hot
36.09,hot
40.0,hot
42.98,hot
43.39,hot
43.57,hot
42.69,hot
43.09,hot
42.06,hot
43.86,hot
42.44,hot
44.62,hot
46.84,hot
50.18,hot
51.46,hot
48.89,hot
47.24,hot
45.15,hot
42.39,hot
40.78,hot
38.84,hot
38.23,hot
38.63,hot
39.65,hot
38.48,hot
37.18,hot
39.94,hot
42.32,hot
42.02,hot
40.8,hot
42.13,hot
44.33,hot
42.88,hot
40.44,hot
41.54,hot
40.75,hot
41.27,hot
41.31,hot
40.29,hot
41.96,hot
39.13,hot
40.29,hot
39.5,hot
41.71,hot
42.29,hot
47.79,hot
44.38,hot
46.64,hot
45.25,hot
47.01,hot
47.56,hot
47.19,hot
46.61,hot
47.55,hot
49.31,hot
49.39,hot
48.42,hot
50.03,hot
47.55,hot
46.41,hot
47.82,hot
49.81,hot
51.46,hot
50.97,hot
54.32,hot
57.25,hot
56.12,hot
58.36,hot
56.95,hot
56.76,hot
56.85,hot
58.18,hot
60.75,hot
60.44,hot
61.2,hot
55.14,hot
54.74,hot
52.87,hot
55.05,hot
55.55,hot
53.67,hot
50.89,hot
49.67,hot
48.83,hot
49.61,hot
51.76,hot
48.36,hot
44.75,hot
46.22,hot
44.4,hot
43.75,hot
45.16,hot
45.29,hot
134.38,hot
132.72,hot
127.87,hot
127.2,hot
127.87,hot
125.66,hot
127.0,hot
127.15,hot
127.62,hot
123.19,hot
124.89,hot
124.21,hot
123.13,hot
122.73,hot
122.22,hot
119.68,hot
120.58,hot
123.08,hot
122.96,hot
126.09,hot
131.55,hot
130.45,hot
127.0,hot
128.84,hot
131.53,hot
133.82,hot
137.08,hot
133.35,hot
133.29,hot
130.0,hot
129.95,hot
104.91,hot
105.33,hot
108.13,hot
109.04,hot
109.91,hot
115.42,hot
118.75,hot
117.01,hot
119.87,hot
120.27,hot
117.45,hot
119.2,hot
119.49,hot
120.67,hot
119.63,hot
120.86,hot
118.44,hot
115.46,hot
119.48,hot
119.27,hot
118.38,hot
120.08,hot
121.0,hot
123.09,hot
121.2,hot
120.69,hot
122.74,hot
122.73,hot
123.86,hot
125.79,hot
125.66,hot
126.07,hot
126.96,hot
133.97,hot
137.01,hot
139.53,hot
139.45,hot
137.17,hot
135.8,hot
133.75,hot
130.86,hot
133.77,hot
133.43,hot
133.77,hot
132.43,hot
129.36,hot
125.37,hot
125.57,hot
123.67,hot
126.67,hot
125.98,hot
127.52,hot
126.96,hot
129.96,hot
131.36,hot
125.85,hot
125.55,hot
128.33,hot
126.72,hot
128.24,hot
123.1,hot
120.26,hot
118.6,hot
117.22,hot
115.3,hot
114.15,hot
116.18,hot
114.44,hot
115.02,hot
117.3,hot
114.77,hot
113.43,hot
111.64,hot
112.18,hot
112.79,hot
113.09,hot
111.53,hot
112.33,hot
109.24,hot
111.17,hot
112.96,hot
107.48,hot
104.86,hot
105.17,hot
104.0,hot
100.48,hot
96.67,hot
96.27,hot
96.34,hot
98.58,hot
98.78,hot
100.84,hot
98.41,hot
110.92,hot
109.79,hot
111.05,hot
110.64,hot
112.07,hot
111.24,hot
107.79,hot
107.85,hot
110.03,hot
109.65,hot
110.48,hot
110.5,hot
113.72,hot
113.24,hot
115.1,hot
113.48,hot
111.87,hot
111.33,hot
111.84,hot
113.09,hot
115.42,hot
120.27,hot
120.11,hot
120.4,hot
121.06,hot
111.46,hot
111.26,hot
98.26,hot
99.98,hot
100.4,hot
99.14,hot
97.33,hot
99.2,hot
100.26,hot
102.69,hot
100.44,hot
97.95,hot
97.52,hot
98.65,hot
99.35,hot
98.92,hot
96.94,hot
95.18,hot
95.55,hot
98.11,hot
95.76,hot
95.46,hot
95.25,hot
98.35,hot
95.96,hot
99.31,hot
102.26,hot
104.28,hot
101.23,hot
101.5,hot
103.22,hot
18.33,normal
18.4,normal
15.63,normal
16.11,normal
16.19,normal
16.26,normal
15.42,normal
16.52,normal
16.64,normal
13.08,normal
12.6,normal
9.9,cold
7.73,cold
-2.57,cold
-2.76,cold
-1.09,cold
-1.35,cold
-1.55,cold
0.62,cold
13.67,normal
13.54,normal
16.36,normal
18.44,normal
19.21,normal
17.49,normal
16.99,normal
14.73,normal
14.9,normal
11.73,normal
10.49,normal
9.37,cold
12.06,normal
14.03,normal
17.82,normal
20.56,normal
22.42,normal
20.32,normal
25.18,normal
10.52,normal
10.84,normal
10.28,normal
11.15,normal
10.47,normal
9.04,cold
12.35,normal
10.32,normal
0.16,cold
-0.22,cold
0.64,cold
1.2,cold
0.74,cold
2.82,cold
3.36,cold
-1.91,cold
-0.82,cold
0.05,cold
2.49,cold
1.71,cold
3.17,cold
3.04,cold
4.24,cold
4.73,cold
3.89,cold
33.42,hot
32.73,hot
-7.11,cold
-7.89,cold
-8.39,cold
-9.85,cold
-8.61,cold
-8.98,cold
-9.24,cold
-2.81,cold
-2.72,cold
-3.59,cold
-2.04,cold
1.05,cold
-0.59,cold
-1.01,cold
0.03,cold
-1.02,cold
-0.8,cold
-6.05,cold
-6.62,cold
-6.17,cold
-3.1,cold
-0.1,cold
-1.87,cold
-2.62,cold
-1.63,cold
-1.56,cold
-3.04,cold
-4.53,cold
-7.27,cold
-6.98,cold
-4.85,cold
-3.95,cold
-3.09,cold
-2.73,cold
-4.04,cold
-4.32,cold
-5.08,cold
-8.68,cold
-8.16,cold
-11.87,cold
-14.27,cold
-13.11,cold
-13.68,cold
-13.34,cold
-13.33,cold
-0.42,cold
0.22,cold
14.79,normal
15.28,normal
18.82,normal
19.25,normal
19.48,normal
22.37,normal
22.8,normal
21.37,normal
23.36,normal
23.27,normal
25.36,normal
24.15,normal
26.11,normal
24.71,normal
31.82,hot
33.62,hot
33.04,hot
35.89,hot
38.27,hot
35.98,hot
36.98,hot
37.57,hot
37.76,hot
35.0,hot
34.53,hot
33.45,hot
33.73,hot
35.49,hot
37.66,hot
119.78,hot
119.0,hot
121.16,hot
123.65,hot
126.27,hot
122.93,hot
123.3,hot
121.42,hot
120.53,hot
123.07,hot
121.91,hot
124.09,hot
126.38,hot
126.31,hot
126.67,hot
129.31,hot
128.51,hot
125.27,hot
128.06,hot
126.72,hot
129.61,hot
132.77,hot
131.5,hot
136.2,hot
133.89,hot
140.03,hot
142.07,hot
145.68,hot
149.66,hot
150.0,hot
150.0,hot
150.0,hot
148.86,hot
150.0,hot
150.0,hot
130.63,hot
128.8,hot
128.7,hot
129.61,hot
128.75,hot
130.59,hot
-1.5,cold
-2.14,cold
-1.2,cold
-1.14,cold
-1.01,cold
144.37,hot
144.71,hot
142.76,hot
141.85,hot
139.71,hot
141.03,hot
137.0,hot
138.47,hot
138.77,hot
125.34,hot
122.96,hot
121.55,hot
119.79,hot
121.76,hot
121.18,hot
122.69,hot
125.19,hot
123.94,hot
124.65,hot
136.86,hot
135.53,hot
133.7,hot
131.72,hot
130.69,hot
144.76,hot
145.8,hot
145.9,hot
146.86,hot
145.29,hot
142.16,hot
140.3,hot
140.02,hot
152.58,hot
150.0,hot
150.0,hot
149.74,hot
148.77,hot
150.0,hot
149.45,hot
149.39,hot
149.35,hot
149.23,hot
150.0,hot
150.0,hot
149.28,hot
148.12,hot
148.53,hot
149.39,hot
10.9,normal
10.01,normal
12.52,normal
16.46,normal
15.37,normal
15.0,normal
13.33,normal
14.96,normal
13.35,normal
16.66,normal
12.96,normal
12.33,normal
-6.41,cold
-7.81,cold
-6.88,cold
-6.31,cold
-3.99,cold
-0.77,cold
-2.82,cold
-2.77,cold
-4.62,cold
-4.76,cold
0.21,cold
2.59,cold
5.2,cold
7.22,cold
9.7,cold
11.39,normal
8.46,cold
8.95,cold
6.71,cold
5.14,cold
4.05,cold
7.63,cold
8.35,cold
7.53,cold
3.91,cold
11.15,normal
9.72,cold
11.04,normal
137.72,hot
140.11,hot
141.54,hot
145.37,hot
147.69,hot
149.81,hot
150.0,hot
150.0,hot
147.79,hot
149.36,hot
149.0,hot
149.46,hot
150.0,hot
146.83,hot
144.39,hot
140.38,hot
137.94,hot
136.54,hot
138.27,hot
137.02,hot
141.38,hot
140.6,hot
136.8,hot
140.23,hot
141.31,hot
141.16,hot
139.9,hot
141.76,hot
145.15,hot
146.86,hot
146.11,hot
143.92,hot
147.21,hot
146.19,hot
145.82,hot
142.69,hot
142.42,hot
143.99,hot
146.26,hot
148.2,hot
147.21,hot
160.33,hot
150.0,hot
146.5,hot
147.59,hot
150.0,hot
149.96,hot
150.0,hot
150.0,hot
149.16,hot
148.61,hot
149.07,hot
150.0,hot
150.0,hot
150.0,hot
168.06,hot
150.0,hot
150.0,hot
150.0,hot
149.33,hot
147.32,hot
145.99,hot
144.33,hot
143.35,hot
146.09,hot
147.1,hot
150.0,hot
148.54,hot
148.48,hot
146.33,hot
144.08,hot
143.49,hot
155.35,hot
150.0,hot
145.78,hot
145.21,hot
146.77,hot
146.52,hot
144.79,hot
143.27,hot
142.59,hot
142.26,hot
141.94,hot
140.67,hot
139.05,hot
138.22,hot
139.99,hot
141.87,hot
138.99,hot
141.53,hot
141.11,hot
139.18,hot
140.83,hot
141.4,hot
142.15,hot
141.75,hot
159.86,hot
154.58,hot
161.4,hot
150.0,hot
150.0,hot
158.03,hot
150.0,hot
150.0,hot
150.0,hot
150.0,hot
150.0,hot
145.87,hot
146.56,hot
147.28,hot
147.27,hot
149.73,hot
147.89,hot
149.2,hot
147.73,hot
168.99,hot
150.0,hot
150.0,hot
150.0,hot
148.14,hot
150.0,hot
132.02,hot
131.22,hot
132.02,hot
129.26,hot
126.04,hot
125.67,hot
123.44,hot
122.46,hot
123.06,hot
125.86,hot
126.72,hot
125.1,hot
142.32,hot
144.53,hot
144.47,hot
139.93,hot
136.75,hot
-28.96,cold
-27.46,cold
-27.5,cold
-10.95,cold
-11.5,cold
-10.76,cold
-9.29,cold
-11.79,cold
-10.61,cold
-10.41,cold
-11.29,cold
-11.26,cold
-11.0,cold
-12.09,cold
-12.88,cold
-12.85,cold
-12.33,cold
-10.43,cold
-11.73,cold
-12.79,cold
-16.49,cold
-19.05,cold
-18.69,cold
-17.66,cold
-6.42,cold
-6.59,cold
-4.94,cold
-1.01,cold
-3.13,cold
-4.6,cold
4.69,cold
3.77,cold
5.59,cold
6.9,cold
5.95,cold
9.05,cold
7.45,cold
3.87,cold
6.92,cold
9.14,cold
8.99,cold
11.51,normal
11.02,normal
14.07,normal
14.5,normal
13.36,normal
14.64,normal
14.89,normal
30.71,hot
31.2,hot
31.77,hot
32.39,hot
29.18,normal
26.82,normal
24.87,normal
28.87,normal
29.75,normal
16.61,normal
13.57,normal
12.85,normal
10.54,normal
8.04,cold
7.56,cold
7.87,cold
5.02,cold
4.06,cold
20.33,normal
17.29,normal
19.98,normal
23.67,normal
23.71,normal
21.01,normal
21.97,normal
21.29,normal
25.78,normal
25.93,normal
25.57,normal
26.67,normal
26.43,normal
33.16,hot
34.5,hot
32.22,hot
33.11,hot
34.47,hot
35.14,hot
35.08,hot
36.47,hot
34.92,hot
33.49,hot
35.34,hot
37.22,hot
34.84,hot
33.91,hot
30.77,hot
33.95,hot
33.62,hot
33.29,hot
34.65,hot
36.68,hot
32.51,hot
34.29,hot
34.5,hot
33.7,hot
33.22,hot
35.75,hot
33.77,hot
33.57,hot
31.33,hot
126.46,hot
125.57,hot
127.73,hot
130.91,hot
127.61,hot
125.65,hot
126.33,hot
126.72,hot
122.24,hot
125.33,hot
119.34,hot
119.28,hot
118.05,hot
117.26,hot
118.24,hot
118.67,hot
118.21,hot
130.36,hot
134.32,hot
134.69,hot
136.65,hot
135.36,hot
139.55,hot
138.59,hot
139.56,hot
137.82,hot
139.92,hot
140.65,hot
143.77,hot
129.1,hot
127.71,hot
128.28,hot
127.64,hot
128.67,hot
130.26,hot
127.18,hot
127.91,hot
125.91,hot
126.14,hot
124.21,hot
128.25,hot
125.87,hot
126.43,hot
125.26,hot
127.47,hot
127.56,hot
129.44,hot
131.49,hot
129.92,hot
136.82,hot
137.46,hot
135.9,hot
137.4,hot
136.85,hot
135.99,hot
138.73,hot
142.04,hot
140.97,hot
139.63,hot
135.95,hot
134.93,hot
135.32,hot
135.9,hot
135.18,hot
137.12,hot
134.31,hot
136.17,hot
135.29,hot
134.84,hot
131.12,hot
131.48,hot
115.6,hot
116.52,hot
118.85,hot
119.13,hot
117.86,hot
119.83,hot
121.4,hot
121.66,hot
121.31,hot
106.44,hot
104.83,hot
103.22,hot
104.82,hot
103.94,hot
104.45,hot
104.48,hot
104.98,hot
104.32,hot
107.17,hot
105.36,hot
103.91,hot
102.44,hot
100.66,hot
101.38,hot
104.17,hot
105.8,hot
106.78,hot
108.16,hot
107.84,hot
107.1,hot
105.21,hot
110.85,hot
113.01,hot
111.6,hot
111.75,hot
114.57,hot
113.5,hot
114.65,hot
117.45,hot
115.82,hot
116.12,hot
117.97,hot
117.81,hot
113.97,hot
109.61,hot
112.9,hot
110.7,hot
110.12,hot
109.35,hot
113.57,hot
114.62,hot
107.63,hot
106.54,hot
108.18,hot
108.71,hot
108.81,hot
109.74,hot
108.43,hot
105.49,hot
104.54,hot
101.79,hot
96.82,hot
99.06,hot
97.01,hot
95.99,hot
97.62,hot
98.13,hot
99.8,hot
101.25,hot
100.73,hot
104.1,hot
104.49,hot
103.1,hot
101.7,hot
102.67,hot
105.29,hot
103.6,hot
103.27,hot
103.94,hot
107.99,hot
107.79,hot
103.09,hot
109.07,hot
105.41,hot
103.61,hot
102.51,hot
102.35,hot
97.71,hot
97.66,hot
100.44,hot
99.81,hot
101.18,hot
101.73,hot
101.48,hot
103.28,hot
104.05,hot
102.29,hot
101.24,hot
101.91,hot
100.5,hot
100.54,hot
101.73,hot
100.23,hot
100.58,hot
102.33,hot
101.52,hot
102.73,hot
101.02,hot
99.11,hot
97.5,hot
101.16,hot
101.34,hot
100.96,hot
103.17,hot
105.78,hot
106.66,hot
105.01,hot
102.71,hot
106.39,hot
108.86,hot
108.19,hot
108.53,hot
109.02,hot
110.54,hot
107.03,hot
-26.24,cold
-23.59,cold
-25.16,cold
-24.2,cold
-22.59,cold
-22.41,cold
-22.43,cold
-21.8,cold
-20.89,cold
-19.81,cold
-20.17,cold
-22.67,cold
-21.26,cold
-23.59,cold
-22.24,cold
-22.76,cold
-22.79,cold
-21.62,cold
-20.42,cold
-19.28,cold
-19.21,cold
-19.27,cold
-20.92,cold
-20.14,cold
-19.87,cold
-19.61,cold
-17.18,cold
-19.29,cold
-20.47,cold
-21.64,cold
-22.25,cold
-25.5,cold
-26.3,cold
-24.75,cold
-21.29,cold
-18.15,cold
-15.51,cold
-17.11,cold
-16.54,cold
-16.62,cold
-13.63,cold
-13.87,cold
-12.72,cold
-9.1,cold
-10.21,cold
-11.19,cold
-11.32,cold
-9.45,cold
-4.42,cold
144.25,hot
144.56,hot
144.36,hot
145.12,hot
146.76,hot
147.69,hot
147.84,hot
145.69,hot
144.87,hot
141.48,hot
138.88,hot
141.45,hot
139.04,hot
140.06,hot
136.84,hot
135.66,hot
132.7,hot
131.93,hot
135.07,hot
134.47,hot
135.92,hot
124.78,hot
125.05,hot
121.4,hot
122.13,hot
122.4,hot
129.21,hot
127.54,hot
128.11,hot
130.82,hot
130.48,hot
133.15,hot
130.92,hot
128.56,hot
128.82,hot
128.89,hot
129.65,hot
129.56,hot
128.78,hot
125.14,hot
124.68,hot
127.25,hot
127.36,hot
126.58,hot
126.42,hot
129.41,hot
129.61,hot
124.13,hot
124.91,hot
121.55,hot
123.5,hot
123.7,hot
123.29,hot
123.13,hot
127.0,hot
126.14,hot
127.7,hot
128.02,hot
127.98,hot
126.63,hot
128.02,hot
129.03,hot
128.4,hot
126.06,hot
122.56,hot
124.03,hot
125.3,hot
121.7,hot
121.84,hot
122.12,hot
123.53,hot
123.15,hot
122.99,hot
124.54,hot
122.37,hot
121.19,hot
119.09,hot
117.09,hot
119.72,hot
120.75,hot
122.3,hot
122.54,hot
120.11,hot
121.09,hot
120.15,hot
118.32,hot
115.23,hot
113.02,hot
113.52,hot
116.8,hot
116.89,hot
118.87,hot
120.07,hot
121.46,hot
123.71,hot
122.49,hot
122.38,hot
121.77,hot
124.26,hot
121.9,hot
119.81,hot
117.71,hot
118.25,hot
126.2,hot
125.04,hot
123.7,hot
125.64,hot
127.66,hot
126.92,hot
129.44,hot
127.67,hot
129.61,hot
129.0,hot
125.67,hot
128.36,hot
127.37,hot
124.8,hot
125.68,hot
126.07,hot
129.99,hot
135.33,hot
134.65,hot
133.05,hot
134.54,hot
132.62,hot
128.31,hot
128.88,hot
139.63,hot
130.97,hot
127.22,hot
130.26,hot
139.97,hot
139.75,hot
140.88,hot
141.43,hot
143.75,hot
150.0,hot
147.29,hot
148.54,hot
146.39,hot
147.72,hot
149.34,hot
148.2,hot
147.78,hot
146.6,hot
147.99,hot
145.09,hot
141.21,hot
138.94,hot
138.84,hot
139.53,hot
145.45,hot
145.09,hot
146.2,hot
144.91,hot
145.5,hot
147.38,hot
153.09,hot
150.0,hot
150.0,hot
149.96,hot
147.15,hot
144.08,hot
143.1,hot
141.34,hot
139.9,hot
140.04,hot
142.62,hot
144.3,hot
144.31,hot
145.7,hot
144.35,hot
144.77,hot
144.58,hot
143.72,hot
145.97,hot
144.02,hot
145.51,hot
147.04,hot
154.31,hot
150.0,hot
155.45,hot
150.0,hot
150.0,hot
149.92,hot
150.0,hot
150.0,hot
67.16,hot
65.08,hot
63.97,hot
64.64,hot
67.42,hot
70.84,hot
59.15,hot
57.67,hot
56.36,hot
55.35,hot
55.42,hot
54.66,hot
55.64,hot
60.45,hot
60.75,hot
62.1,hot
60.51,hot
64.61,hot
66.3,hot
67.28,hot
71.03,hot
69.49,hot
69.09,hot
72.51,hot
76.79,hot
80.44,hot
84.27,hot
86.91,hot
86.61,hot
87.29,hot
72.99,hot
74.97,hot
74.09,hot
71.61,hot
70.33,hot
74.5,hot
79.02,hot
83.51,hot
83.3,hot
84.16,hot
84.46,hot
82.57,hot
83.15,hot
83.1,hot
83.04,hot
81.74,hot
80.74,hot
79.38,hot
79.09,hot
77.8,hot
80.47,hot
79.72,hot
80.49,hot
83.9,hot
86.93,hot
87.56,hot
90.87,hot
91.3,hot
89.63,hot
86.64,hot
87.81,hot
91.84,hot
92.5,hot
93.78,hot
94.97,hot
93.65,hot
97.77,hot
96.06,hot
99.87,hot
98.53,hot
96.08,hot
96.65,hot
97.74,hot
94.75,hot
78.67,hot
76.27,hot
78.6,hot
79.15,hot
95.04,hot
98.35,hot
102.52,hot
97.94,hot
99.04,hot
-5.27,cold
-7.54,cold
-7.93,cold
-6.95,cold
-5.91,cold
-4.26,cold
-5.86,cold
-5.73,cold
-9.31,cold
-8.06,cold
-6.41,cold
-5.6,cold
-4.28,cold
-7.86,cold
-7.34,cold
-25.3,cold
-26.51,cold
-27.05,cold
-24.33,cold
-26.4,cold
-22.12,cold
-19.72,cold
-17.76,cold
-16.36,cold
-12.99,cold
-9.6,cold
-10.5,cold
-12.02,cold
-13.7,cold
-14.51,cold
-31.92,cold
-30.0,cold
-30.0,cold
-30.0,cold
-28.61,cold
-27.92,cold
-27.35,cold
-27.5,cold
-30.0,cold
-27.78,cold
-28.81,cold
-28.89,cold
-27.85,cold
-28.65,cold
-30.0,cold
-30.0,cold
-27.96,cold
-26.63,cold
-36.48,cold
-30.0,cold
-30.0,cold
-28.48,cold
-27.63,cold
-28.98,cold
-30.0,cold
-29.99,cold
-30.0,cold
-27.73,cold
-25.57,cold
-23.93,cold
-23.45,cold
-23.53,cold
-20.16,cold
-24.11,cold
-28.26,cold
-27.76,cold
-30.0,cold
-30.0,cold
-30.0,cold
-30.0,cold
-33.5,cold
-30.0,cold
-28.65,cold
-26.16,cold
-26.41,cold
-29.86,cold
-27.51,cold
-28.14,cold
-29.14,cold
-30.0,cold
-30.0,cold
-30.0,cold
-28.75,cold
-27.71,cold
-30.0,cold
-27.88,cold
-26.43,cold
-28.01,cold
-29.26,cold
-30.0,cold
-28.59,cold
-27.76,cold
-29.52,cold
-27.97,cold
-25.56,cold
-26.05,cold
-23.24,cold
-23.32,cold
-24.85,cold
-25.25,cold
-21.61,cold
-21.39,cold
-24.01,cold
-23.94,cold
-25.97,cold
-27.0,cold
-27.72,cold
-26.36,cold
-23.83,cold
-22.72,cold
-24.33,cold
-24.62,cold
-24.16,cold
-24.57,cold
-24.1,cold
-24.08,cold
-24.55,cold
-20.62,cold
-21.49,cold
-22.77,cold
-24.44,cold
-25.44,cold
-26.79,cold
-24.93,cold
-25.33,cold
-24.87,cold
-21.88,cold
-25.38,cold
-22.87,cold
-23.25,cold
-26.77,cold
-24.7,cold
-27.25,cold
-28.14,cold
-28.13,cold
-27.35,cold
-29.14,cold
33.56,hot
32.82,hot
38.39,hot
40.35,hot
44.91,hot
44.48,hot
42.93,hot
40.94,hot
42.6,hot
43.69,hot
43.43,hot
43.46,hot
144.31,hot
144.79,hot
142.92,hot
143.71,hot
153.62,hot
150.0,hot
149.83,hot
146.47,hot
146.88,hot
145.97,hot
146.65,hot
146.6,hot
142.87,hot
143.85,hot
142.22,hot
144.01,hot
143.79,hot
144.04,hot
143.89,hot
144.37,hot
144.19,hot
140.34,hot
139.43,hot
139.92,hot
137.73,hot
139.17,hot
139.39,hot
145.14,hot
140.93,hot
140.99,hot
141.13,hot
142.77,hot
145.16,hot
143.35,hot
143.65,hot
142.41,hot
157.08,hot
150.0,hot
150.0,hot
150.0,hot
150.0,hot
147.78,hot
148.38,hot
144.84,hot
141.95,hot
142.53,hot
126.64,hot
131.43,hot
128.08,hot
126.04,hot
126.3,hot
122.37,hot
123.27,hot
119.95,hot
116.74,hot
116.94,hot
114.07,hot
111.52,hot
112.3,hot
115.42,hot
120.19,hot
123.04,hot
123.02,hot
120.09,hot
125.84,hot
127.53,hot
134.36,hot
134.68,hot
25.25,normal
25.54,normal
27.33,normal
26.29,normal
25.96,normal
27.47,normal
31.29,hot
32.68,hot
34.43,hot
33.78,hot
37.75,hot
42.53,hot
40.64,hot
42.45,hot
40.6,hot
40.13,hot
33.96,hot
32.28,hot
35.81,hot
35.32,hot
36.4,hot
31.69,hot
30.36,hot
23.06,normal
24.16,normal
25.3,normal
24.72,normal
24.75,normal
26.19,normal
23.52,normal
23.29,normal
19.24,normal
19.93,normal
20.07,normal
18.75,normal
20.38,normal
23.09,normal
26.04,normal
25.4,normal
23.04,normal
21.57,normal
20.12,normal
20.57,normal
24.25,normal
20.55,normal
21.04,normal
18.57,normal
19.07,normal
21.82,normal
19.22,normal
19.34,normal
15.94,normal
17.96,normal
8.94,cold
9.96,cold
12.64,normal
15.1,normal
12.62,normal
11.24,normal
12.22,normal
11.69,normal
12.15,normal
11.4,normal
10.24,normal
7.97,cold
-14.04,cold
-4.43,cold
-5.76,cold
-11.51,cold
-12.97,cold
-10.36,cold
-11.02,cold
-13.15,cold
-11.83,cold
-9.9,cold
-8.87,cold
-11.08,cold
-12.44,cold
-10.66,cold
-8.86,cold
-6.11,cold
-5.35,cold
-4.65,cold
10.5,normal
7.52,cold
6.21,cold
7.82,cold
8.72,cold
6.04,cold
3.01,cold
7.44,cold
7.85,cold
8.16,cold
6.37,cold
3.75,cold
4.68,cold
7.11,cold
4.07,cold
2.44,cold
4.34,cold
0.2,cold
-0.52,cold
20.35,normal
22.1,normal
24.58,normal
20.32,normal
21.22,normal
20.16,normal
21.43,normal
22.41,normal
22.58,normal
20.23,normal
19.73,normal
19.41,normal
13.62,normal
16.01,normal
15.63,normal
17.62,normal
18.82,normal
20.94,normal
17.45,normal
31.3,hot
27.48,normal
25.9,normal
26.1,normal
27.13,normal
26.22,normal
23.62,normal
24.23,normal
22.44,normal
25.92,normal
27.49,normal
30.33,hot
32.36,hot
33.0,hot
32.63,hot
32.98,hot
32.52,hot
30.21,hot
27.89,normal
30.63,hot
29.09,normal
28.7,normal
28.49,normal
29.18,normal
27.63,normal
27.26,normal
25.63,normal
25.37,normal
27.38,normal
27.94,normal
26.02,normal
26.33,normal
27.86,normal
27.08,normal
27.05,normal
30.49,hot
29.94,normal
29.17,normal
28.5,normal
28.59,normal
25.79,normal
25.37,normal
24.63,normal
24.51,normal
26.86,normal
28.46,normal
29.19,normal
27.81,normal
27.2,normal
27.01,normal
24.41,normal
24.14,normal
28.1,normal
24.81,normal
24.08,normal
21.53,normal
23.28,normal
23.29,normal
24.37,normal
27.23,normal
28.4,normal
29.99,normal
25.4,normal
24.0,normal
23.49,normal
22.72,normal
20.02,normal
17.85,normal
18.28,normal
22.9,normal
22.75,normal
20.84,normal
21.67,normal
21.22,normal
19.96,normal
20.23,normal
22.11,normal
22.8,normal
24.31,normal
22.67,normal
18.6,normal
15.43,normal
13.08,normal
12.43,normal
14.82,normal
14.07,normal
11.78,normal
14.65,normal
12.28,normal
13.4,normal
12.31,normal
6.99,cold
7.58,cold
9.03,cold
9.74,cold
8.21,cold
9.12,cold
10.41,normal
14.69,normal
18.7,normal
18.05,normal
17.42,normal
20.56,normal
23.73,normal
23.9,normal
23.71,normal
20.4,normal
15.74,normal
132.17,hot
131.47,hot
130.45,hot
131.31,hot
131.28,hot
132.13,hot
127.89,hot
127.74,hot
126.24,hot
126.69,hot
132.08,hot
119.85,hot
119.25,hot
117.43,hot
118.13,hot
116.08,hot
116.88,hot
118.82,hot
123.5,hot
122.87,hot
122.45,hot
122.89,hot
122.93,hot
122.65,hot
126.18,hot
123.43,hot
119.43,hot
120.33,hot
120.86,hot
119.86,hot
117.82,hot
118.7,hot
119.99,hot
120.15,hot
119.86,hot
117.89,hot
115.76,hot
117.03,hot
118.26,hot
116.22,hot
114.59,hot
116.99,hot
116.4,hot
118.01,hot
119.61,hot
128.8,hot
110.45,hot
112.73,hot
112.12,hot
113.88,hot
113.93,hot
113.3,hot
109.98,hot
108.21,hot
108.33,hot
106.26,hot
103.08,hot
106.19,hot
103.52,hot
103.41,hot
102.64,hot
102.23,hot
101.08,hot
101.96,hot
102.25,hot
104.01,hot
104.54,hot
104.42,hot
104.9,hot
120.12,hot
120.01,hot
119.57,hot
119.93,hot
123.97,hot
123.54,hot
125.3,hot
124.43,hot
127.53,hot
129.07,hot
128.78,hot
126.69,hot
122.51,hot
125.25,hot
127.74,hot
128.74,hot
128.75,hot
126.66,hot
123.64,hot
122.81,hot
121.92,hot
121.36,hot
120.22,hot
119.26,hot
119.27,hot
119.53,hot
117.15,hot
115.42,hot
116.6,hot
114.7,hot
117.92,hot
118.75,hot
116.91,hot
118.79,hot
121.13,hot
122.27,hot
125.16,hot
128.29,hot
127.62,hot
130.82,hot
131.94,hot
113.48,hot
111.19,hot
108.43,hot
111.67,hot
109.54,hot
111.8,hot
114.5,hot
113.58,hot
115.05,hot
42.55,hot
48.79,hot
48.93,hot
49.35,hot
45.25,hot
47.78,hot
44.31,hot
45.08,hot
43.47,hot
42.8,hot
41.39,hot
42.5,hot
43.61,hot
42.99,hot
41.52,hot
43.5,hot
41.91,hot
42.19,hot
43.95,hot
41.49,hot
38.11,hot
39.68,hot
37.36,hot
35.42,hot
34.03,hot
32.59,hot
35.28,hot
35.46,hot
36.84,hot
36.55,hot
39.31,hot
43.33,hot
40.49,hot
38.11,hot
40.07,hot
39.05,hot
38.58,hot
37.45,hot
38.74,hot
39.71,hot
35.74,hot
36.67,hot
39.82,hot
38.81,hot
40.13,hot
44.39,hot
46.37,hot
46.58,hot
45.77,hot
45.9,hot
46.02,hot
45.85,hot
47.16,hot
44.35,hot
44.28,hot
42.22,hot
42.76,hot
44.66,hot
47.11,hot
45.13,hot
42.45,hot
41.87,hot
41.36,hot
145.63,hot
143.08,hot
141.49,hot
143.49,hot
142.98,hot
144.28,hot
141.82,hot
140.54,hot
141.15,hot
139.09,hot
134.52,hot
136.55,hot
137.08,hot
136.78,hot
137.96,hot
138.08,hot
136.39,hot
133.21,hot
134.59,hot
121.69,hot
125.0,hot
124.05,hot
123.81,hot
123.34,hot
121.75,hot
122.56,hot
123.02,hot
124.25,hot
125.25,hot
125.59,hot
124.74,hot
122.78,hot
123.97,hot
125.11,hot
126.35,hot
126.87,hot
127.62,hot
129.87,hot
128.37,hot
130.46,hot
128.27,hot
9.71,cold
8.09,cold
7.64,cold
8.98,cold
6.82,cold
7.34,cold
12.37,normal
14.75,normal
15.63,normal
18.63,normal
16.05,normal
-4.4,cold
-5.91,cold
-6.79,cold
-6.37,cold
-10.84,cold
-11.47,cold
-12.51,cold
-13.13,cold
-9.07,cold
-7.01,cold
-5.26,cold
-1.92,cold
0.22,cold
-16.96,cold
-16.98,cold
-17.51,cold
-17.3,cold
-15.47,cold
-18.0,cold
-15.22,cold
-15.54,cold
-15.71,cold
-17.02,cold
-17.12,cold
-17.74,cold
-16.52,cold
-16.19,cold
-16.25,cold
-18.55,cold
-19.6,cold
-21.06,cold
-20.3,cold
-20.14,cold
-16.98,cold
-14.56,cold
-11.21,cold
-11.66,cold
-12.72,cold
-13.26,cold
-15.42,cold
-12.4,cold
-15.58,cold
-11.3,cold
-12.16,cold
-14.31,cold
-13.95,cold
-12.91,cold
-14.82,cold
-18.53,cold
-20.56,cold
-20.22,cold
-18.25,cold
-15.6,cold
-17.55,cold
-17.75,cold
-17.77,cold
-17.66,cold
-17.34,cold
-18.51,cold
-19.73,cold
-19.27,cold
-16.2,cold
-18.92,cold
-17.49,cold
-16.11,cold
-16.98,cold
-17.39,cold
-18.56,cold
-20.93,cold
114.51,hot
117.38,hot
117.68,hot
116.18,hot
119.59,hot
121.9,hot
128.5,hot
125.81,hot
127.46,hot
132.2,hot
131.47,hot
131.67,hot
133.16,hot
131.52,hot
127.97,hot
129.84,hot
130.25,hot
132.39,hot
132.58,hot
132.34,hot
132.49,hot
128.71,hot
132.88,hot
117.18,hot
119.25,hot
121.05,hot
119.9,hot
119.11,hot
120.24,hot
123.83,hot
122.95,hot
126.63,hot
123.23,hot
121.36,hot
123.84,hot
122.44,hot
124.52,hot
126.59,hot
126.4,hot
126.31,hot
141.41,hot
143.17,hot
142.69,hot
138.59,hot
138.75,hot
134.87,hot
132.93,hot
134.06,hot
137.09,hot
135.36,hot
133.53,hot
135.59,hot
137.7,hot
138.33,hot
132.58,hot
131.47,hot
131.84,hot
128.9,hot
131.62,hot
130.57,hot
130.81,hot
130.4,hot
128.55,hot
123.83,hot
126.28,hot
123.13,hot
122.21,hot
116.4,hot
116.28,hot
115.39,hot
114.01,hot
114.03,hot
114.93,hot
115.63,hot
117.42,hot
116.41,hot
117.03,hot
118.65,hot
120.05,hot
120.22,hot
122.32,hot
121.76,hot
120.84,hot
118.95,hot
120.24,hot
120.55,hot
118.88,hot
117.52,hot
119.4,hot
115.23,hot
116.07,hot
116.32,hot
112.64,hot
115.45,hot
114.82,hot
112.7,hot
107.36,hot
109.56,hot
110.02,hot
110.75,hot
109.45,hot
109.68,hot
109.48,hot
111.16,hot
111.87,hot
109.18,hot
107.64,hot
80.28,hot
83.41,hot
84.65,hot
85.25,hot
84.65,hot
84.65,hot
62.18,hot
61.12,hot
60.68,hot
58.74,hot
55.52,hot
56.08,hot
54.1,hot
53.9,hot
53.58,hot
50.04,hot
52.06,hot
49.9,hot
49.01,hot
25.11,normal
23.01,normal
24.51,normal
24.17,normal
23.03,normal
23.06,normal
23.27,normal
21.66,normal
23.8,normal
25.88,normal
26.74,normal
27.01,normal
13.42,normal
15.26,normal
12.74,normal
14.93,normal
17.47,normal
15.41,normal
17.1,normal
17.24,normal
17.2,normal
16.02,normal
16.41,normal
17.82,normal
14.26,normal
14.8,normal
-1.24,cold
1.08,cold
1.51,cold
5.02,cold
2.87,cold
3.41,cold
5.58,cold
4.87,cold
5.11,cold
4.96,cold
4.15,cold
1.11,cold
0.69,cold
0.59,cold
5.77,cold
7.85,cold
13.88,normal
10.17,normal
5.6,cold
6.34,cold
11.51,normal
14.23,normal
13.7,normal
12.62,normal
14.48,normal
13.6,normal
14.41,normal
14.44,normal
14.11,normal
13.85,normal
13.89,normal
16.85,normal
16.29,normal
15.14,normal
17.68,normal
20.0,normal
18.68,normal
21.95,normal
21.74,normal
21.16,normal
21.43,normal
24.26,normal
23.06,normal
22.3,normal
22.72,normal
17.8,normal
15.11,normal
12.65,normal
9.27,cold
6.06,cold
6.28,cold
7.36,cold
8.39,cold
8.63,cold
6.18,cold
3.13,cold
2.15,cold
2.2,cold
4.24,cold
14.86,normal
15.44,normal
14.43,normal
15.54,normal
12.91,normal
10.48,normal
3.12,cold
6.8,cold
5.88,cold
4.67,cold
5.82,cold
6.48,cold
6.86,cold
9.57,cold
11.15,normal
-2.14,cold
-3.1,cold
-2.87,cold
-4.64,cold
-4.98,cold
-2.53,cold
-3.2,cold
-3.4,cold
-2.28,cold
19.75,normal
19.52,normal
10.03,normal
10.42,normal
10.78,normal
10.11,normal
9.05,cold
7.48,cold
7.53,cold
5.17,cold
4.17,cold
2.27,cold
1.62,cold
0.41,cold
-0.78,cold
-1.39,cold
-3.76,cold
-2.18,cold
-2.15,cold
-3.72,cold
-6.0,cold
-7.48,cold
-1.73,cold
-0.84,cold
-0.94,cold
0.23,cold
-1.62,cold
-2.41,cold
-4.28,cold
0.33,cold
1.41,cold
0.16,cold
-1.48,cold
-0.43,cold
-4.34,cold
-4.25,cold
-4.15,cold
-3.98,cold
-1.73,cold
-1.9,cold
-1.96,cold
-4.31,cold
-5.62,cold
-5.06,cold
-0.37,cold
0.35,cold
-0.42,cold
2.61,cold
3.93,cold
5.67,cold
6.08,cold
6.87,cold
8.83,cold
7.73,cold
6.4,cold
9.52,cold
9.2,cold
8.75,cold
8.54,cold
8.9,cold
8.55,cold
8.13,cold
7.47,cold
5.9,cold
6.67,cold
-6.4,cold
-8.06,cold
-8.77,cold
-4.35,cold
-3.05,cold
-1.08,cold
-0.15,cold
2.31,cold
3.87,cold
3.82,cold
3.45,cold
5.64,cold
6.89,cold
4.38,cold
4.03,cold
3.33,cold
2.98,cold
2.02,cold
3.74,cold
4.34,cold
3.62,cold
2.8,cold
1.78,cold
4.28,cold
7.99,cold
9.51,cold
8.94,cold
11.14,normal
10.79,normal
11.5,normal
13.38,normal
12.2,normal
12.94,normal
26.92,normal
25.07,normal
26.94,normal
24.01,normal
24.18,normal
21.43,normal
1.85,cold
-0.83,cold
-1.07,cold
1.88,cold
2.17,cold
1.74,cold
3.36,cold
2.04,cold
4.01,cold
6.68,cold
6.32,cold
5.57,cold
-9.09,cold
-10.8,cold
-9.03,cold
-7.87,cold
-8.12,cold
-7.18,cold
-6.74,cold
-7.23,cold
-5.99,cold
-7.55,cold
-9.83,cold
-10.4,cold
-10.42,cold
-0.57,cold
-0.63,cold
-2.37,cold
-3.57,cold
-2.61,cold
-5.64,cold
-5.09,cold
-6.15,cold
-6.05,cold
-7.92,cold
-7.92,cold
-6.67,cold
-5.4,cold
-7.93,cold
-6.98,cold
-5.17,cold
-4.86,cold
-7.26,cold
-7.04,cold
-9.31,cold
-13.35,cold
-16.08,cold
-15.39,cold
-15.11,cold
-12.85,cold
-10.36,cold
-0.79,cold
3.1,cold
0.64,cold
-1.92,cold
-4.66,cold
-6.23,cold
-8.81,cold
-9.41,cold
-10.38,cold
-14.1,cold
-13.5,cold
-14.56,cold
-16.5,cold
-18.42,cold
-20.1,cold
-20.95,cold
44.15,hot
45.34,hot
44.78,hot
44.08,hot
42.39,hot
42.78,hot
43.5,hot
39.83,hot
39.24,hot
39.26,hot
39.18,hot
39.15,hot
43.03,hot
40.25,hot
43.19,hot
46.66,hot
42.56,hot
46.82,hot
47.39,hot
46.59,hot
47.8,hot
52.22,hot
51.62,hot
50.84,hot
49.85,hot
47.95,hot
47.22,hot
42.92,hot
44.48,hot
42.26,hot
40.23,hot
40.3,hot
38.5,hot
38.47,hot
40.29,hot
36.95,hot
35.35,hot
33.67,hot
32.68,hot
34.63,hot
37.79,hot
41.19,hot
37.89,hot
38.11,hot
39.17,hot
39.47,hot
39.48,hot
41.57,hot
39.39,hot
41.57,hot
42.02,hot
28.84,normal
29.17,normal
30.12,hot
28.64,normal
27.43,normal
20.84,normal
23.15,normal
21.79,normal
19.54,normal
20.19,normal
20.29,normal
17.68,normal
18.67,normal
17.95,normal
19.3,normal
23.07,normal
19.4,normal
20.78,normal
19.6,normal
18.93,normal
15.48,normal
14.57,normal
16.74,normal
18.48,normal
14.99,normal
16.88,normal
16.52,normal
20.14,normal
17.21,normal
16.94,normal
18.0,normal
15.87,normal
15.1,normal
11.86,normal
131.72,hot
130.98,hot
128.14,hot
129.98,hot
132.12,hot
134.49,hot
137.72,hot
139.71,hot
138.18,hot
139.82,hot
139.63,hot
137.95,hot
139.42,hot
137.94,hot
138.61,hot
138.57,hot
141.45,hot
139.61,hot
138.02,hot
139.47,hot
141.39,hot
141.5,hot
139.79,hot
145.48,hot
146.29,hot
145.42,hot
145.06,hot
146.03,hot
146.95,hot
148.72,hot
125.96,hot
124.25,hot
125.49,hot
129.05,hot
126.39,hot
123.76,hot
123.63,hot
122.79,hot
122.56,hot
126.83,hot
125.85,hot
123.79,hot
126.24,hot
127.74,hot
128.56,hot
130.41,hot
129.6,hot
129.69,hot
128.7,hot
128.12,hot
130.47,hot
133.14,hot
132.46,hot
133.49,hot
130.77,hot
131.77,hot
133.12,hot
135.85,hot
134.43,hot
134.75,hot
133.24,hot
131.92,hot
133.27,hot
133.31,hot
136.18,hot
134.59,hot
134.89,hot
160.53,hot
150.0,hot
147.11,hot
143.54,hot
142.98,hot
145.82,hot
147.3,hot
142.89,hot
155.16,hot
150.0,hot
147.4,hot
147.76,hot
149.2,hot
147.44,hot
144.0,hot
142.86,hot
140.08,hot
123.22,hot
122.01,hot
119.66,hot
115.66,hot
117.57,hot
118.02,hot
116.56,hot
113.87,hot
112.99,hot
115.82,hot
115.38,hot
114.24,hot
129.16,hot
128.59,hot
127.55,hot
128.47,hot
127.8,hot
123.11,hot
123.16,hot
122.71,hot
124.02,hot
123.02,hot
122.24,hot
124.68,hot
123.47,hot
124.18,hot
124.85,hot
120.54,hot
118.73,hot
120.24,hot
124.05,hot
121.91,hot
112.73,hot
104.19,hot
106.95,hot
107.98,hot
109.89,hot
111.57,hot
115.28,hot
117.18,hot
119.81,hot
119.37,hot
118.58,hot
121.39,hot
124.72,hot
123.66,hot
127.33,hot
144.68,hot
145.73,hot
145.19,hot
142.47,hot
139.02,hot
68.78,hot
65.54,hot
63.91,hot
63.56,hot
67.19,hot
65.7,hot
61.19,hot
65.51,hot
63.39,hot
58.95,hot
58.93,hot
59.85,hot
63.28,hot
62.63,hot
61.42,hot
57.78,hot
58.9,hot
62.11,hot
61.66,hot
63.6,hot
65.7,hot
66.12,hot
66.22,hot
51.6,hot
52.55,hot
54.18,hot
109.81,hot
109.21,hot
109.1,hot
109.84,hot
108.46,hot
107.99,hot
106.76,hot
123.32,hot
126.17,hot
130.34,hot
128.77,hot
129.59,hot
128.46,hot
129.75,hot
128.98,hot
128.66,hot
125.73,hot
124.95,hot
122.33,hot
121.12,hot
105.98,hot
108.02,hot
105.72,hot
105.33,hot
108.08,hot
103.72,hot
103.37,hot
107.83,hot
112.08,hot
115.4,hot
114.62,hot
112.85,hot
112.03,hot
114.42,hot
114.18,hot
111.46,hot
111.54,hot
113.66,hot
114.06,hot
113.64,hot
112.44,hot
111.31,hot
99.93,hot
99.64,hot
100.76,hot
101.06,hot
101.37,hot
103.14,hot
103.8,hot
103.88,hot
105.46,hot
104.69,hot
104.73,hot
106.03,hot
105.91,hot
104.44,hot
103.96,hot
108.74,hot
105.64,hot
105.99,hot
104.56,hot
104.4,hot
102.32,hot
100.56,hot
95.82,hot
94.45,hot
92.54,hot
90.8,hot
-19.26,cold
-18.16,cold
-18.32,cold
-16.16,cold
-18.54,cold
-22.08,cold
-24.19,cold
-24.29,cold
-25.15,cold
-30.0,cold
-29.17,cold
-28.01,cold
-25.0,cold
-24.74,cold
-44.08,cold
-30.0,cold
-30.0,cold
-30.0,cold
-28.11,cold
-28.05,cold
-28.52,cold
-26.05,cold
2.67,cold
5.06,cold
5.89,cold
8.24,cold
9.15,cold
8.56,cold
6.73,cold
3.62,cold
4.25,cold
5.94,cold
4.63,cold
3.83,cold
3.88,cold
1.25,cold
-0.18,cold
-2.67,cold
-5.84,cold
-3.85,cold
-4.59,cold
-2.51,cold
0.82,cold
3.25,cold
6.96,cold
5.19,cold
7.15,cold
5.39,cold
5.07,cold
4.84,cold
3.9,cold
4.7,cold
6.45,cold
2.24,cold
2.12,cold
-0.1,cold
-2.39,cold
-2.69,cold
-4.14,cold
-4.09,cold
-3.28,cold
-3.43,cold
-3.44,cold
30.05,hot
31.19,hot
31.67,hot
28.55,normal
26.96,normal
27.59,normal
31.23,hot
29.51,normal
33.22,hot
30.15,hot
27.99,normal
30.82,hot
30.6,hot
29.97,normal
32.65,hot
32.6,hot
31.05,hot
29.67,normal
30.6,hot
31.33,hot
27.8,normal
29.36,normal
26.8,normal
26.92,normal
22.43,normal
21.95,normal
25.01,normal
25.92,normal
29.56,normal
31.38,hot
31.46,hot
32.19,hot
34.2,hot
31.46,hot
31.36,hot
35.16,hot
33.31,hot
30.65,hot
31.64,hot
28.87,normal
30.4,hot
32.32,hot
29.47,normal
26.73,normal
30.66,hot
32.88,hot
32.86,hot
31.37,hot
29.24,normal
27.05,normal
28.92,normal
28.07,normal
26.91,normal
27.76,normal
31.3,hot
28.55,normal
31.41,hot
33.26,hot
34.49,hot
30.22,hot
26.42,normal
28.89,normal
29.47,normal
30.99,hot
29.47,normal
28.51,normal
30.72,hot
30.16,hot
31.51,hot
31.48,hot
29.98,normal
29.99,normal
30.67,hot
29.38,normal
30.4,hot
30.45,hot
31.91,hot
30.85,hot
31.05,hot
33.48,hot
31.95,hot
32.23,hot
32.7,hot
34.08,hot
33.1,hot
34.74,hot
37.02,hot
36.36,hot
35.08,hot
35.92,hot
36.82,hot
41.77,hot
-21.42,cold
-20.86,cold
-23.39,cold
-25.96,cold
-21.88,cold
-22.67,cold
-20.6,cold
-19.92,cold
-17.1,cold
-16.19,cold
-12.27,cold
-13.26,cold
-11.27,cold
-9.6,cold
-4.76,cold
-4.84,cold
-3.76,cold
-6.38,cold
-4.33,cold
-7.37,cold
-5.27,cold
-6.9,cold
-5.6,cold
17.06,normal
18.81,normal
17.93,normal
15.17,normal
14.34,normal
13.46,normal
11.1,normal
3.07,cold
1.45,cold
-0.01,cold
3.32,cold
0.58,cold
-0.66,cold
-1.58,cold
2.29,cold
0.89,cold
0.88,cold
0.3,cold
-0.5,cold
-2.21,cold
0.84,cold
0.89,cold
0.69,cold
4.8,cold
3.05,cold
3.46,cold
3.38,cold
2.19,cold
4.4,cold
4.81,cold
4.21,cold
7.9,cold
9.84,cold
8.87,cold
6.77,cold
8.48,cold
12.07,normal
8.76,cold
9.81,cold
8.34,cold
9.44,cold
10.5,normal
6.26,cold
5.46,cold
2.99,cold
2.91,cold
4.39,cold
22.6,normal
24.81,normal
24.86,normal
24.46,normal
24.12,normal
23.64,normal
21.17,normal
18.02,normal
16.94,normal
14.28,normal
12.79,normal
13.26,normal
10.28,normal
9.07,cold
12.4,normal
13.86,normal
15.72,normal
15.42,normal
12.89,normal
14.85,normal
14.56,normal
17.7,normal
16.22,normal
16.69,normal
15.01,normal
14.87,normal
15.84,normal
14.62,normal
24.55,normal
24.68,normal
27.34,normal
28.03,normal
27.19,normal
25.84,normal
27.97,normal
27.14,normal
23.79,normal
21.81,normal
19.66,normal
19.68,normal
21.24,normal
23.43,normal
24.15,normal
25.85,normal
20.13,normal
21.68,normal
20.54,normal
21.03,normal
18.38,normal
16.03,normal
14.51,normal
16.63,normal
16.3,normal
17.05,normal
17.04,normal
18.67,normal
16.72,normal
18.86,normal
16.81,normal
15.06,normal
11.88,normal
13.12,normal
14.14,normal
14.3,normal
9.86,cold
9.73,cold
6.88,cold
11.64,normal
8.92,cold
12.22,normal
9.93,cold
8.91,cold
12.53,normal
12.89,normal
13.36,normal
14.94,normal
15.94,normal
13.92,normal
12.78,normal
12.83,normal
13.78,normal
16.94,normal
17.87,normal
19.43,normal
19.49,normal
22.11,normal
21.87,normal
22.59,normal
21.96,normal
23.13,normal
24.45,normal
28.18,normal
29.39,normal
29.29,normal
27.31,normal
25.29,normal
24.07,normal
21.32,normal
23.33,normal
26.67,normal
25.56,normal
21.86,normal
24.46,normal
24.4,normal
26.84,normal
26.09,normal
24.69,normal
22.58,normal
19.79,normal
18.51,normal
18.57,normal
17.49,normal
17.81,normal
18.11,normal
16.22,normal
13.43,normal
12.39,normal
11.92,normal
12.21,normal
14.13,normal
19.32,normal
23.15,normal
22.73,normal
26.78,normal
-1.24,cold
-3.1,cold
-1.87,cold
-3.28,cold
-3.12,cold
-0.92,cold
-2.99,cold
-3.38,cold
-6.11,cold
-7.99,cold
-6.57,cold
-5.97,cold
-5.35,cold
-3.02,cold
-4.36,cold
-5.79,cold
-3.5,cold
-2.43,cold
-1.93,cold
-3.65,cold
-4.32,cold
-4.01,cold
-11.25,cold
-12.61,cold
-14.48,cold
-11.08,cold
-14.62,cold
-15.67,cold
-18.04,cold
-17.5,cold
-18.08,cold
-18.48,cold
-20.11,cold
-20.89,cold
-19.88,cold
-21.72,cold
-16.55,cold
-34.0,cold
-30.0,cold
-30.0,cold
-30.0,cold
-26.81,cold
-27.87,cold
-27.04,cold
-27.87,cold
-30.0,cold
-16.16,cold
-16.03,cold
-16.37,cold
-10.98,cold
-9.99,cold
-11.2,cold
-7.06,cold
-8.6,cold
-6.66,cold
-7.67,cold
-7.8,cold
59.4,hot
61.09,hot
62.51,hot
65.21,hot
64.71,hot
67.74,hot
68.88,hot
116.62,hot
116.98,hot
120.25,hot
120.01,hot
118.46,hot
116.7,hot
115.64,hot
117.49,hot
116.32,hot
115.96,hot
114.15,hot
112.68,hot
113.39,hot
110.81,hot
115.78,hot
116.35,hot
114.63,hot
115.24,hot
118.47,hot
120.86,hot
117.03,hot
119.76,hot
121.05,hot
119.12,hot
120.12,hot
121.97,hot
120.37,hot
118.21,hot
118.53,hot
118.6,hot
115.13,hot
104.74,hot
102.58,hot
99.4,hot
99.78,hot
98.64,hot
99.06,hot
96.63,hot
94.19,hot
95.25,hot
92.37,hot
93.12,hot
93.7,hot
94.25,hot
94.22,hot
97.75,hot
99.03,hot
96.03,hot
97.11,hot
97.41,hot
97.19,hot
96.53,hot
109.7,hot
120.05,hot
119.74,hot
120.98,hot
118.77,hot
121.68,hot
122.98,hot
123.69,hot
123.92,hot
123.03,hot
123.05,hot
125.73,hot
124.9,hot
115.45,hot
116.94,hot
125.29,hot
128.39,hot
129.87,hot
130.84,hot
129.33,hot
127.26,hot
128.36,hot
128.38,hot
129.71,hot
131.81,hot
130.7,hot
131.18,hot
130.42,hot
129.73,hot
144.13,hot
148.18,hot
143.19,hot
144.57,hot
142.42,hot
145.0,hot
142.69,hot
143.49,hot
143.0,hot
141.68,hot
141.12,hot
144.38,hot
142.07,hot
127.59,hot
128.29,hot
131.02,hot
127.42,hot
126.43,hot
127.0,hot
127.55,hot
130.53,hot
130.54,hot
130.59,hot
134.25,hot
133.54,hot
131.84,hot
131.5,hot
130.36,hot
132.0,hot
127.01,hot
127.03,hot
128.13,hot
125.89,hot
125.17,hot
125.47,hot
124.8,hot
124.02,hot
126.35,hot
128.17,hot
127.62,hot
127.26,hot
128.97,hot
128.61,hot
128.72,hot
128.91,hot
128.02,hot
127.78,hot
125.03,hot
126.35,hot
128.6,hot
125.63,hot
125.37,hot
124.55,hot
125.01,hot
125.33,hot
121.88,hot
118.26,hot
116.15,hot
117.64,hot
122.81,hot
125.47,hot
127.6,hot
125.26,hot
129.13,hot
126.04,hot
128.78,hot
125.37,hot
122.67,hot
123.08,hot
123.37,hot
124.98,hot
124.8,hot
125.41,hot
124.18,hot
124.51,hot
123.11,hot
123.5,hot
124.97,hot
125.23,hot
126.19,hot
125.45,hot
127.41,hot
126.2,hot
128.58,hot
131.76,hot
132.79,hot
132.62,hot
134.24,hot
133.83,hot
133.64,hot
133.87,hot
132.29,hot
131.71,hot
81.44,hot
81.4,hot
83.05,hot
83.68,hot
83.97,hot
79.27,hot
77.71,hot
77.22,hot
75.51,hot
76.81,hot
79.1,hot
78.42,hot
79.33,hot
81.57,hot
82.29,hot
84.02,hot
83.05,hot
84.44,hot
85.74,hot
83.57,hot
81.29,hot
79.59,hot
81.02,hot
78.89,hot
82.44,hot
81.1,hot
80.98,hot
80.7,hot
83.24,hot
85.12,hot
86.12,hot
98.67,hot
97.77,hot
95.64,hot
96.77,hot
100.6,hot
100.82,hot
98.99,hot
97.42,hot
98.91,hot
98.4,hot
100.66,hot
100.18,hot
98.53,hot
97.48,hot
99.91,hot
102.41,hot
102.36,hot
103.95,hot
106.62,hot
106.12,hot
103.9,hot
104.2,hot
102.8,hot
103.6,hot
102.63,hot
103.75,hot
103.19,hot
101.57,hot
100.75,hot
102.93,hot
105.12,hot
105.51,hot
105.25,hot
103.73,hot
104.39,hot
94.93,hot
94.97,hot
96.11,hot
97.34,hot
100.48,hot
102.02,hot
101.34,hot
103.99,hot
106.51,hot
106.49,hot
105.37,hot
102.59,hot
103.12,hot
107.02,hot
107.72,hot
107.39,hot
23.29,normal
22.19,normal
22.65,normal
20.54,normal
22.53,normal
22.53,normal
20.82,normal
23.04,normal
10.64,normal
13.75,normal
14.21,normal
16.84,normal
20.13,normal
22.04,normal
19.85,normal
21.46,normal
23.38,normal
25.29,normal
26.5,normal
23.87,normal
21.53,normal
21.42,normal
20.54,normal
20.27,normal
19.54,normal
21.4,normal
20.58,normal
20.53,normal
19.1,normal
22.39,normal
22.77,normal
24.65,normal
27.48,normal
28.09,normal
29.7,normal
25.55,normal
26.09,normal
24.67,normal
23.98,normal
20.33,normal
21.85,normal
19.35,normal
19.24,normal
20.09,normal
21.65,normal
75.81,hot
76.55,hot
78.33,hot
79.0,hot
75.9,hot
76.78,hot
77.41,hot
80.42,hot
78.17,hot
78.11,hot
77.15,hot
77.2,hot
77.67,hot
123.61,hot
120.46,hot
119.75,hot
120.36,hot
109.29,hot
108.8,hot
111.5,hot
113.85,hot
94.69,hot
98.84,hot
98.46,hot
96.5,hot
97.75,hot
97.78,hot
96.92,hot
96.91,hot
97.75,hot
96.08,hot
97.53,hot
95.38,hot
97.32,hot
94.59,hot
94.32,hot
92.56,hot
89.41,hot
98.17,hot
96.84,hot
94.03,hot
95.81,hot
94.7,hot
92.24,hot
91.7,hot
92.67,hot
92.4,hot
92.82,hot
92.19,hot
92.79,hot
92.22,hot
90.18,hot
76.97,hot
75.49,hot
78.73,hot
79.59,hot
79.12,hot
81.16,hot
82.98,hot
83.28,hot
84.04,hot
82.24,hot
84.18,hot
83.19,hot
83.47,hot
81.73,hot
80.62,hot
74.98,hot
73.78,hot
75.68,hot
75.52,hot
74.46,hot
75.47,hot
77.39,hot
76.33,hot
74.97,hot
77.08,hot
79.69,hot
82.24,hot
80.47,hot
82.72,hot
80.64,hot
80.72,hot
82.12,hot
80.52,hot
78.65,hot
78.78,hot
73.64,hot
68.96,hot
84.34,hot
86.23,hot
86.28,hot
85.34,hot
84.97,hot
84.05,hot
85.31,hot
85.13,hot
85.67,hot
85.3,hot
83.16,hot
82.11,hot
81.3,hot
81.13,hot
80.89,hot
79.81,hot
78.61,hot
79.2,hot
82.01,hot
83.38,hot
82.19,hot
81.52,hot
79.43,hot
79.66,hot
81.93,hot
81.89,hot
81.46,hot
84.7,hot
84.47,hot
86.42,hot
84.49,hot
85.33,hot
83.89,hot
86.71,hot
82.17,hot
82.83,hot
86.12,hot
82.09,hot
83.43,hot
82.2,hot
82.47,hot
81.44,hot
92.07,hot
90.77,hot
91.61,hot
91.46,hot
93.14,hot
90.62,hot
88.89,hot
92.34,hot
92.42,hot
94.89,hot
95.62,hot
94.99,hot
94.63,hot
91.86,hot
94.51,hot
92.07,hot
91.85,hot
88.16,hot
86.35,hot
89.35,hot
88.7,hot
91.19,hot
92.2,hot
96.59,hot
100.32,hot
102.29,hot
99.7,hot
97.76,hot
97.6,hot
94.46,hot
91.28,hot
87.54,hot
85.26,hot
86.08,hot
85.27,hot
84.79,hot
86.68,hot
87.87,hot
89.21,hot
87.85,hot
88.81,hot
88.76,hot
93.36,hot
90.47,hot
92.15,hot
90.55,hot
88.28,hot
91.42,hot
93.85,hot
94.86,hot
96.49,hot
96.35,hot
100.82,hot
98.68,hot
100.49,hot
99.3,hot
100.37,hot
99.51,hot
101.25,hot
99.67,hot
100.21,hot
99.08,hot
99.19,hot
104.17,hot
101.01,hot
98.34,hot
97.98,hot
97.5,hot
98.48,hot
96.54,hot
96.71,hot
108.7,hot
107.42,hot
108.27,hot
108.34,hot
108.24,hot
107.28,hot
112.16,hot
113.4,hot
117.42,hot
107.76,hot
116.95,hot
117.35,hot
117.33,hot
117.71,hot
114.48,hot
114.97,hot
116.07,hot
119.07,hot
117.45,hot
117.17,hot
114.98,hot
114.42,hot
115.04,hot
115.67,hot
117.88,hot
118.49,hot
119.15,hot
117.3,hot
114.76,hot
113.12,hot
115.47,hot
115.86,hot
114.14,hot
114.0,hot
115.34,hot
120.68,hot
120.29,hot
119.92,hot
120.66,hot
119.81,hot
123.59,hot
122.64,hot
126.46,hot
114.15,hot
115.3,hot
114.62,hot
114.13,hot
117.03,hot
117.66,hot
120.4,hot
121.13,hot
122.93,hot
123.59,hot
125.92,hot
129.44,hot
130.16,hot
130.31,hot
132.6,hot
131.91,hot
134.14,hot
133.04,hot
134.08,hot
134.93,hot
134.65,hot
132.77,hot
131.28,hot
129.38,hot
129.15,hot
131.65,hot
132.71,hot
139.14,hot
134.83,hot
135.69,hot
119.77,hot
123.95,hot
123.14,hot
124.71,hot
124.09,hot
123.97,hot
126.26,hot
127.44,hot
128.85,hot
130.36,hot
130.28,hot
129.96,hot
130.72,hot
134.25,hot
132.95,hot
133.54,hot
144.16,hot
147.88,hot
164.67,hot
150.0,hot
150.0,hot
148.83,hot
146.91,hot
145.2,hot
124.23,hot
126.86,hot
131.48,hot
129.2,hot
126.74,hot
124.81,hot
123.0,hot
123.01,hot
122.93,hot
120.83,hot
121.0,hot
123.24,hot
125.67,hot
123.31,hot
121.44,hot
122.36,hot
122.9,hot
122.64,hot
122.22,hot
119.27,hot
119.38,hot
118.64,hot
118.18,hot
118.14,hot
116.39,hot
115.51,hot
140.02,hot
138.88,hot
136.46,hot
138.73,hot
140.57,hot
141.31,hot
138.53,hot
139.35,hot
139.36,hot
140.88,hot
142.47,hot
144.09,hot
145.58,hot
145.31,hot
145.55,hot
144.13,hot
142.96,hot
145.85,hot
144.9,hot
142.34,hot
138.53,hot
141.56,hot
136.22,hot
142.13,hot
130.45,hot
133.45,hot
136.47,hot
137.37,hot
136.35,hot
137.64,hot
138.99,hot
136.97,hot
139.15,hot
138.05,hot
138.45,hot
139.8,hot
140.34,hot
139.21,hot
139.58,hot
140.08,hot
140.75,hot
141.78,hot
146.08,hot
144.99,hot
141.18,hot
126.82,hot
127.58,hot
127.85,hot
126.56,hot
122.01,hot
124.19,hot
122.98,hot
124.96,hot
125.56,hot
111.05,hot
111.09,hot
111.73,hot
114.4,hot
112.71,hot
115.55,hot
125.01,hot
123.03,hot
124.72,hot
127.42,hot
127.07,hot
